-- phpMyAdmin SQL Dump
-- version 4.5.2
-- http://www.phpmyadmin.net
--
-- Хост: localhost
-- Время создания: Авг 11 2017 г., 00:08
-- Версия сервера: 10.1.13-MariaDB
-- Версия PHP: 7.0.6

SET SQL_MODE = "NO_AUTO_VALUE_ON_ZERO";
SET time_zone = "+00:00";


/*!40101 SET @OLD_CHARACTER_SET_CLIENT=@@CHARACTER_SET_CLIENT */;
/*!40101 SET @OLD_CHARACTER_SET_RESULTS=@@CHARACTER_SET_RESULTS */;
/*!40101 SET @OLD_COLLATION_CONNECTION=@@COLLATION_CONNECTION */;
/*!40101 SET NAMES utf8mb4 */;

--
-- База данных: `z4`
--

-- --------------------------------------------------------

--
-- Структура таблицы `dialogs`
--

CREATE TABLE `dialogs` (
  `id` int(10) UNSIGNED NOT NULL,
  `users` longtext,
  `type` int(11) DEFAULT NULL,
  `orderid` int(11) DEFAULT NULL,
  `createdAt` datetime DEFAULT NULL,
  `updatedAt` datetime DEFAULT NULL
) ENGINE=InnoDB DEFAULT CHARSET=utf8;

-- --------------------------------------------------------

--
-- Структура таблицы `disciplines`
--

CREATE TABLE `disciplines` (
  `id` int(10) UNSIGNED NOT NULL,
  `discipline` varchar(255) DEFAULT NULL,
  `workType` int(11) DEFAULT NULL,
  `price` float DEFAULT NULL,
  `createdAt` datetime DEFAULT NULL,
  `updatedAt` datetime DEFAULT NULL
) ENGINE=InnoDB DEFAULT CHARSET=utf8;

--
-- Дамп данных таблицы `disciplines`
--

INSERT INTO `disciplines` (`id`, `discipline`, `workType`, `price`, `createdAt`, `updatedAt`) VALUES
(1, 'Автоматизация дизелей', 8, 8, '0000-00-00 00:00:00', '0000-00-00 00:00:00'),
(2, 'Автоматизация производства', 1, 900, '0000-00-00 00:00:00', '0000-00-00 00:00:00'),
(3, 'Автоматизация производственных процессов в машиностроении', 8, 8, '0000-00-00 00:00:00', '0000-00-00 00:00:00'),
(4, 'Автоматизация производственных процессов в машиностроении', 3, 140, '0000-00-00 00:00:00', '0000-00-00 00:00:00'),
(5, 'Автоматизация рабочих процессов', 8, 8, '0000-00-00 00:00:00', '0000-00-00 00:00:00'),
(6, 'Автоматизация технологических процессов', 17, 5, '0000-00-00 00:00:00', '0000-00-00 00:00:00'),
(7, 'Автоматизация технологических процессов', 8, 8, '0000-00-00 00:00:00', '0000-00-00 00:00:00'),
(8, 'Автоматизация управления персоналом', 17, 5, '0000-00-00 00:00:00', '0000-00-00 00:00:00'),
(9, 'Автоматизация управления персоналом', 8, 8, '0000-00-00 00:00:00', '0000-00-00 00:00:00'),
(10, 'Автоматизация учета', 17, 5, '0000-00-00 00:00:00', '0000-00-00 00:00:00'),
(11, 'Автоматизация учета', 8, 8, '0000-00-00 00:00:00', '0000-00-00 00:00:00'),
(12, 'Автоматизированные системы управления', 1, 480, '0000-00-00 00:00:00', '0000-00-00 00:00:00'),
(13, 'Автоматика и телемеханика на железнодорожном транспорте', 17, 5, '0000-00-00 00:00:00', '0000-00-00 00:00:00'),
(14, 'Автоматика и телемеханика на железнодорожном транспорте', 8, 8, '0000-00-00 00:00:00', '0000-00-00 00:00:00'),
(15, 'Автомобильные эксплуатационные материалы', 17, 5, '0000-00-00 00:00:00', '0000-00-00 00:00:00'),
(16, 'Автомобильные эксплуатационные материалы', 8, 8, '0000-00-00 00:00:00', '0000-00-00 00:00:00'),
(17, 'Административная география', 17, 4, '0000-00-00 00:00:00', '0000-00-00 00:00:00'),
(18, 'Административная география', 8, 4, '0000-00-00 00:00:00', '0000-00-00 00:00:00'),
(19, 'Административная деятельность органов внутренних дел', 17, 5, '0000-00-00 00:00:00', '0000-00-00 00:00:00'),
(20, 'Административная деятельность органов внутренних дел', 8, 8, '0000-00-00 00:00:00', '0000-00-00 00:00:00'),
(21, 'Административно-деликтное и процессуально-исполнительное право', 17, 5, '0000-00-00 00:00:00', '0000-00-00 00:00:00'),
(22, 'Административно-деликтное и процессуально-исполнительное право', 8, 8, '0000-00-00 00:00:00', '0000-00-00 00:00:00'),
(23, 'Административное деликтное право', 3, 72, '0000-00-00 00:00:00', '0000-00-00 00:00:00'),
(24, 'Административное право', 17, 5, '0000-00-00 00:00:00', '0000-00-00 00:00:00'),
(25, 'Административное право', 8, 8, '0000-00-00 00:00:00', '0000-00-00 00:00:00'),
(26, 'Административное право', 3, 72, '0000-00-00 00:00:00', '0000-00-00 00:00:00'),
(27, 'Алгоритмизация', 3, 90, '0000-00-00 00:00:00', '0000-00-00 00:00:00'),
(28, 'Алгоритмизация и программирование', 3, 90, '0000-00-00 00:00:00', '0000-00-00 00:00:00'),
(29, 'Альгология и микология', 17, 5, '0000-00-00 00:00:00', '0000-00-00 00:00:00'),
(30, 'Анализ деятельности банка и управление рисками', 3, 90, '0000-00-00 00:00:00', '0000-00-00 00:00:00'),
(31, 'Анализ деятельности банков', 17, 5, '0000-00-00 00:00:00', '0000-00-00 00:00:00'),
(32, 'Анализ деятельности банков', 8, 8, '0000-00-00 00:00:00', '0000-00-00 00:00:00'),
(33, 'Анализ деятельности банков', 3, 90, '0000-00-00 00:00:00', '0000-00-00 00:00:00'),
(34, 'Анализ и планирование маркетинговой деятельности в организации', 3, 72, '0000-00-00 00:00:00', '0000-00-00 00:00:00'),
(35, 'Анализ маркетинговой деятельности организации почтовой связи', 3, 72, '0000-00-00 00:00:00', '0000-00-00 00:00:00'),
(36, 'Анализ маркетинговой среды', 3, 81, '0000-00-00 00:00:00', '0000-00-00 00:00:00'),
(37, 'Анализ музыкальных форм', 3, 81, '0000-00-00 00:00:00', '0000-00-00 00:00:00'),
(38, 'Анализ производственно-хозяйственной деятельности предприятия', 17, 5, '0000-00-00 00:00:00', '0000-00-00 00:00:00'),
(39, 'Анализ производственно-хозяйственной деятельности предприятия', 8, 8, '0000-00-00 00:00:00', '0000-00-00 00:00:00'),
(40, 'Анализ производственно-хозяйственной деятельности предприятия', 3, 72, '0000-00-00 00:00:00', '0000-00-00 00:00:00'),
(41, 'Анализ хозяйственной деятельности', 17, 5, '0000-00-00 00:00:00', '0000-00-00 00:00:00'),
(42, 'Анализ хозяйственной деятельности', 1, 430, '0000-00-00 00:00:00', '0000-00-00 00:00:00'),
(43, 'Анализ хозяйственной деятельности', 8, 8, '0000-00-00 00:00:00', '0000-00-00 00:00:00'),
(44, 'Анализ хозяйственной деятельности', 3, 72, '0000-00-00 00:00:00', '0000-00-00 00:00:00'),
(45, 'Анализ хозяйственной деятельности в АПК', 3, 72, '0000-00-00 00:00:00', '0000-00-00 00:00:00'),
(46, 'Анализ хозяйственной деятельности в потребительской кооперации', 3, 72, '0000-00-00 00:00:00', '0000-00-00 00:00:00'),
(47, 'Анализ хозяйственной деятельности в промышленности', 3, 72, '0000-00-00 00:00:00', '0000-00-00 00:00:00'),
(48, 'Анализ хозяйственной деятельности на ЖД', 3, 72, '0000-00-00 00:00:00', '0000-00-00 00:00:00'),
(49, 'Анализ хозяйственной деятельности на предприятии транспорта', 17, 5, '0000-00-00 00:00:00', '0000-00-00 00:00:00'),
(50, 'Анализ хозяйственной деятельности на предприятии транспорта', 8, 8, '0000-00-00 00:00:00', '0000-00-00 00:00:00'),
(51, 'Анализ хозяйственной деятельности предприятия', 17, 5, '0000-00-00 00:00:00', '0000-00-00 00:00:00'),
(52, 'Анализ хозяйственной деятельности предприятия', 8, 8, '0000-00-00 00:00:00', '0000-00-00 00:00:00'),
(53, 'Аналитическая алгебра и геометрия', 8, 3, '0000-00-00 00:00:00', '0000-00-00 00:00:00'),
(54, 'Аналитическая геометрия', 8, 3, '0000-00-00 00:00:00', '0000-00-00 00:00:00'),
(55, 'Аналитическая химия', 17, 4, '0000-00-00 00:00:00', '0000-00-00 00:00:00'),
(56, 'Аналитическая химия', 8, 4, '0000-00-00 00:00:00', '0000-00-00 00:00:00'),
(57, 'Анатомия', 17, 4, '0000-00-00 00:00:00', '0000-00-00 00:00:00'),
(58, 'Анатомия', 8, 4, '0000-00-00 00:00:00', '0000-00-00 00:00:00'),
(59, 'Анатомия и физиология', 17, 4, '0000-00-00 00:00:00', '0000-00-00 00:00:00'),
(60, 'Анатомия и физиология человека', 17, 4, '0000-00-00 00:00:00', '0000-00-00 00:00:00'),
(61, 'Анатомия и физиология человека', 8, 4, '0000-00-00 00:00:00', '0000-00-00 00:00:00'),
(62, 'Анатомия человека', 17, 4, '0000-00-00 00:00:00', '0000-00-00 00:00:00'),
(63, 'Анатомия человека', 8, 4, '0000-00-00 00:00:00', '0000-00-00 00:00:00'),
(64, 'Анатомия человека', 3, 72, '0000-00-00 00:00:00', '0000-00-00 00:00:00'),
(65, 'Анатомия, физилогоия и гигиена', 17, 4, '0000-00-00 00:00:00', '0000-00-00 00:00:00'),
(66, 'Анатомия, физилогоия и гигиена', 8, 4, '0000-00-00 00:00:00', '0000-00-00 00:00:00'),
(67, 'Английская литература', 3, 72, '0000-00-00 00:00:00', '0000-00-00 00:00:00'),
(68, 'Английский язык', 1, 360, '0000-00-00 00:00:00', '0000-00-00 00:00:00'),
(69, 'Английский язык', 17, 4, '0000-00-00 00:00:00', '0000-00-00 00:00:00'),
(70, 'Английский язык', 8, 4, '0000-00-00 00:00:00', '0000-00-00 00:00:00'),
(71, 'Английский язык', 3, 72, '0000-00-00 00:00:00', '0000-00-00 00:00:00'),
(72, 'Английский язык (проф. лексика)', 17, 4, '0000-00-00 00:00:00', '0000-00-00 00:00:00'),
(73, 'Английский язык (проф. лексика)', 8, 4, '0000-00-00 00:00:00', '0000-00-00 00:00:00'),
(74, 'Английский язык (разговорный)', 17, 4, '0000-00-00 00:00:00', '0000-00-00 00:00:00'),
(75, 'Английский язык (разговорный)', 8, 4, '0000-00-00 00:00:00', '0000-00-00 00:00:00'),
(76, 'Английский язык делового общения', 17, 4, '0000-00-00 00:00:00', '0000-00-00 00:00:00'),
(77, 'Английский язык делового общения', 8, 4, '0000-00-00 00:00:00', '0000-00-00 00:00:00'),
(78, 'Антикризисное управление и стратегический менеджмент', 3, 81, '0000-00-00 00:00:00', '0000-00-00 00:00:00'),
(79, 'Антикризисное управление на предприятии', 3, 81, '0000-00-00 00:00:00', '0000-00-00 00:00:00'),
(80, 'Антикризисный финансовый менеджмент', 17, 5, '0000-00-00 00:00:00', '0000-00-00 00:00:00'),
(81, 'Антикризисный финансовый менеджмент', 8, 8, '0000-00-00 00:00:00', '0000-00-00 00:00:00'),
(82, 'Аппаратные средства', 17, 5, '0000-00-00 00:00:00', '0000-00-00 00:00:00'),
(83, 'Аппаратные средства', 8, 8, '0000-00-00 00:00:00', '0000-00-00 00:00:00'),
(84, 'Арбитражный процесс', 17, 5, '0000-00-00 00:00:00', '0000-00-00 00:00:00'),
(85, 'Арбитражный процесс', 8, 8, '0000-00-00 00:00:00', '0000-00-00 00:00:00'),
(86, 'Археография', 17, 5, '0000-00-00 00:00:00', '0000-00-00 00:00:00'),
(87, 'Археография', 8, 8, '0000-00-00 00:00:00', '0000-00-00 00:00:00'),
(88, 'Архивоведение', 17, 5, '0000-00-00 00:00:00', '0000-00-00 00:00:00'),
(89, 'Архивоведение', 8, 8, '0000-00-00 00:00:00', '0000-00-00 00:00:00'),
(90, 'Архивоведение', 3, 81, '0000-00-00 00:00:00', '0000-00-00 00:00:00'),
(91, 'Архитектура', 3, 120, '0000-00-00 00:00:00', '0000-00-00 00:00:00'),
(92, 'Базы данных', 17, 5, '0000-00-00 00:00:00', '0000-00-00 00:00:00'),
(93, 'Базы данных', 8, 8, '0000-00-00 00:00:00', '0000-00-00 00:00:00'),
(94, 'Базы данных', 3, 90, '0000-00-00 00:00:00', '0000-00-00 00:00:00'),
(95, 'Базы и банки данных', 1, 480, '0000-00-00 00:00:00', '0000-00-00 00:00:00'),
(96, 'Базы и банки данных', 3, 90, '0000-00-00 00:00:00', '0000-00-00 00:00:00'),
(97, 'Банковские операции', 17, 5, '0000-00-00 00:00:00', '0000-00-00 00:00:00'),
(98, 'Банковские операции', 8, 8, '0000-00-00 00:00:00', '0000-00-00 00:00:00'),
(99, 'Банковские операции', 3, 90, '0000-00-00 00:00:00', '0000-00-00 00:00:00'),
(100, 'Банковский маркетинг', 17, 5, '0000-00-00 00:00:00', '0000-00-00 00:00:00'),
(101, 'Банковский маркетинг', 8, 8, '0000-00-00 00:00:00', '0000-00-00 00:00:00'),
(102, 'Банковский менеджмент', 8, 8, '0000-00-00 00:00:00', '0000-00-00 00:00:00'),
(103, 'Банковский менеджмент', 17, 5, '0000-00-00 00:00:00', '0000-00-00 00:00:00'),
(104, 'Банковский менеджмент', 3, 81, '0000-00-00 00:00:00', '0000-00-00 00:00:00'),
(105, 'Банковский надзор и аудит', 8, 8, '0000-00-00 00:00:00', '0000-00-00 00:00:00'),
(106, 'Банковский надзор и аудит', 17, 5, '0000-00-00 00:00:00', '0000-00-00 00:00:00'),
(107, 'Банковский учет, контроль и аудит', 8, 8, '0000-00-00 00:00:00', '0000-00-00 00:00:00'),
(108, 'Банковский учет, контроль и аудит', 17, 5, '0000-00-00 00:00:00', '0000-00-00 00:00:00'),
(109, 'Банковское дело', 1, 450, '0000-00-00 00:00:00', '0000-00-00 00:00:00'),
(110, 'Банковское дело', 17, 5, '0000-00-00 00:00:00', '0000-00-00 00:00:00'),
(111, 'Банковское дело', 8, 8, '0000-00-00 00:00:00', '0000-00-00 00:00:00'),
(112, 'Банковское дело', 3, 90, '0000-00-00 00:00:00', '0000-00-00 00:00:00'),
(113, 'БД и СУБД', 17, 5, '0000-00-00 00:00:00', '0000-00-00 00:00:00'),
(114, 'БД и СУБД', 8, 8, '0000-00-00 00:00:00', '0000-00-00 00:00:00'),
(115, 'Безопасность жизнедеятельности', 17, 4, '0000-00-00 00:00:00', '0000-00-00 00:00:00'),
(116, 'Безопасность жизнедеятельности', 8, 4, '0000-00-00 00:00:00', '0000-00-00 00:00:00'),
(117, 'Безопасность жизнедеятельности человека', 8, 4, '0000-00-00 00:00:00', '0000-00-00 00:00:00'),
(118, 'Безопасность жизнедеятельности человека', 17, 4, '0000-00-00 00:00:00', '0000-00-00 00:00:00'),
(119, 'Безопасность и жизнедеятельность человека', 17, 4, '0000-00-00 00:00:00', '0000-00-00 00:00:00'),
(120, 'Безопасность и жизнедеятельность человека', 8, 4, '0000-00-00 00:00:00', '0000-00-00 00:00:00'),
(121, 'Безопасные информационные технологии в экономике', 17, 5, '0000-00-00 00:00:00', '0000-00-00 00:00:00'),
(122, 'Безопасные информационные технологии в экономике', 8, 8, '0000-00-00 00:00:00', '0000-00-00 00:00:00'),
(123, 'Белоруский язык', 17, 4, '0000-00-00 00:00:00', '0000-00-00 00:00:00'),
(124, 'Белоруский язык', 8, 4, '0000-00-00 00:00:00', '0000-00-00 00:00:00'),
(125, 'Белорусская детская литература', 17, 4, '0000-00-00 00:00:00', '0000-00-00 00:00:00'),
(126, 'Белорусская детская литература', 8, 4, '0000-00-00 00:00:00', '0000-00-00 00:00:00'),
(127, 'Белорусская диалектология', 17, 4, '0000-00-00 00:00:00', '0000-00-00 00:00:00'),
(128, 'Белорусская диалектология', 8, 4, '0000-00-00 00:00:00', '0000-00-00 00:00:00'),
(129, 'Белорусская литература', 17, 4, '0000-00-00 00:00:00', '0000-00-00 00:00:00'),
(130, 'Белорусская литература', 1, 360, '0000-00-00 00:00:00', '0000-00-00 00:00:00'),
(131, 'Белорусская литература', 8, 4, '0000-00-00 00:00:00', '0000-00-00 00:00:00'),
(132, 'Белорусская литература', 3, 72, '0000-00-00 00:00:00', '0000-00-00 00:00:00'),
(133, 'Белорусская филология', 1, 360, '0000-00-00 00:00:00', '0000-00-00 00:00:00'),
(134, 'Белорусская филология', 17, 4, '0000-00-00 00:00:00', '0000-00-00 00:00:00'),
(135, 'Белорусская филология', 8, 4, '0000-00-00 00:00:00', '0000-00-00 00:00:00'),
(136, 'Белорусская филология', 3, 72, '0000-00-00 00:00:00', '0000-00-00 00:00:00'),
(137, 'Белорусский язык', 17, 4, '0000-00-00 00:00:00', '0000-00-00 00:00:00'),
(138, 'Белорусский язык', 1, 360, '0000-00-00 00:00:00', '0000-00-00 00:00:00'),
(139, 'Белорусский язык', 8, 4, '0000-00-00 00:00:00', '0000-00-00 00:00:00'),
(140, 'Белорусский язык', 3, 72, '0000-00-00 00:00:00', '0000-00-00 00:00:00'),
(141, 'Белорусский язык (культура речи)', 17, 4, '0000-00-00 00:00:00', '0000-00-00 00:00:00'),
(142, 'Белорусский язык (культура речи)', 8, 4, '0000-00-00 00:00:00', '0000-00-00 00:00:00'),
(143, 'Белорусский язык(профессиональная лексика)', 17, 4, '0000-00-00 00:00:00', '0000-00-00 00:00:00'),
(144, 'Белорусский язык(профессиональная лексика)', 8, 4, '0000-00-00 00:00:00', '0000-00-00 00:00:00'),
(145, 'Белорусское народное творчество', 1, 360, '0000-00-00 00:00:00', '0000-00-00 00:00:00'),
(146, 'Библиография', 3, 81, '0000-00-00 00:00:00', '0000-00-00 00:00:00'),
(147, 'Библиотековедение', 3, 81, '0000-00-00 00:00:00', '0000-00-00 00:00:00'),
(148, 'Библиотековедение библиография', 3, 81, '0000-00-00 00:00:00', '0000-00-00 00:00:00'),
(149, 'Библиотековедение и библиография(информационное обеспечение)', 1, 360, '0000-00-00 00:00:00', '0000-00-00 00:00:00'),
(150, 'Библиотечно-информационный маркетинг и менеджмент', 3, 81, '0000-00-00 00:00:00', '0000-00-00 00:00:00'),
(151, 'Библиотечный фонд', 3, 81, '0000-00-00 00:00:00', '0000-00-00 00:00:00'),
(152, 'Бизнес-администрирование', 1, 430, '0000-00-00 00:00:00', '0000-00-00 00:00:00'),
(153, 'Бизнес-планирование', 17, 5, '0000-00-00 00:00:00', '0000-00-00 00:00:00'),
(154, 'Бизнес-планирование', 8, 8, '0000-00-00 00:00:00', '0000-00-00 00:00:00'),
(155, 'Бизнес-планирование', 3, 100, '0000-00-00 00:00:00', '0000-00-00 00:00:00'),
(156, 'Бизнес-статистика', 3, 90, '0000-00-00 00:00:00', '0000-00-00 00:00:00'),
(157, 'Билингвизм', 3, 81, '0000-00-00 00:00:00', '0000-00-00 00:00:00'),
(158, 'Биология', 17, 4, '0000-00-00 00:00:00', '0000-00-00 00:00:00'),
(159, 'Биология', 8, 4, '0000-00-00 00:00:00', '0000-00-00 00:00:00'),
(160, 'Биология', 3, 72, '0000-00-00 00:00:00', '0000-00-00 00:00:00'),
(161, 'Биология лесных зверей и птиц', 17, 4, '0000-00-00 00:00:00', '0000-00-00 00:00:00'),
(162, 'Биология лесных зверей и птиц', 8, 4, '0000-00-00 00:00:00', '0000-00-00 00:00:00'),
(163, 'Биоритмика', 17, 4, '0000-00-00 00:00:00', '0000-00-00 00:00:00'),
(164, 'Биоритмика', 8, 4, '0000-00-00 00:00:00', '0000-00-00 00:00:00'),
(165, 'Биоритмы', 17, 4, '0000-00-00 00:00:00', '0000-00-00 00:00:00'),
(166, 'Биоритмы', 8, 4, '0000-00-00 00:00:00', '0000-00-00 00:00:00'),
(167, 'Биофизика', 17, 5, '0000-00-00 00:00:00', '0000-00-00 00:00:00'),
(168, 'Биофизика', 8, 8, '0000-00-00 00:00:00', '0000-00-00 00:00:00'),
(169, 'Биохимия', 17, 4, '0000-00-00 00:00:00', '0000-00-00 00:00:00'),
(170, 'Биохимия', 8, 4, '0000-00-00 00:00:00', '0000-00-00 00:00:00'),
(171, 'Биохимия', 3, 81, '0000-00-00 00:00:00', '0000-00-00 00:00:00'),
(172, 'Биоэтика', 17, 5, '0000-00-00 00:00:00', '0000-00-00 00:00:00'),
(173, 'Биоэтика', 8, 8, '0000-00-00 00:00:00', '0000-00-00 00:00:00'),
(174, 'Болезни сельскохозяйственных культур', 17, 5, '0000-00-00 00:00:00', '0000-00-00 00:00:00'),
(175, 'Болезни сельскохозяйственных культур', 8, 8, '0000-00-00 00:00:00', '0000-00-00 00:00:00'),
(176, 'Ботаника', 17, 4, '0000-00-00 00:00:00', '0000-00-00 00:00:00'),
(177, 'Ботаника', 8, 4, '0000-00-00 00:00:00', '0000-00-00 00:00:00'),
(178, 'Ботаника', 3, 72, '0000-00-00 00:00:00', '0000-00-00 00:00:00'),
(179, 'Бухгалтерский управленческий учет', 8, 8, '0000-00-00 00:00:00', '0000-00-00 00:00:00'),
(180, 'Бухгалтерский управленческий учет', 17, 5, '0000-00-00 00:00:00', '0000-00-00 00:00:00'),
(181, 'Бухгалтерский управленческий учет', 3, 90, '0000-00-00 00:00:00', '0000-00-00 00:00:00'),
(182, 'Бухгалтерский управленческий учет в АПК', 17, 5, '0000-00-00 00:00:00', '0000-00-00 00:00:00'),
(183, 'Бухгалтерский управленческий учет в АПК', 8, 8, '0000-00-00 00:00:00', '0000-00-00 00:00:00'),
(184, 'Бухгалтерский управленческий учет в АПК', 3, 90, '0000-00-00 00:00:00', '0000-00-00 00:00:00'),
(185, 'Бухгалтерский управленческий учет в ВЭД', 17, 5, '0000-00-00 00:00:00', '0000-00-00 00:00:00'),
(186, 'Бухгалтерский управленческий учет в ВЭД', 8, 8, '0000-00-00 00:00:00', '0000-00-00 00:00:00'),
(187, 'Бухгалтерский управленческий учет в ВЭД', 3, 90, '0000-00-00 00:00:00', '0000-00-00 00:00:00'),
(188, 'Бухгалтерский управленческий учет в промышленности', 8, 8, '0000-00-00 00:00:00', '0000-00-00 00:00:00'),
(189, 'Бухгалтерский управленческий учет в промышленности', 17, 5, '0000-00-00 00:00:00', '0000-00-00 00:00:00'),
(190, 'Бухгалтерский управленческий учет в промышленности', 3, 90, '0000-00-00 00:00:00', '0000-00-00 00:00:00'),
(191, 'Бухгалтерский учет', 17, 5, '0000-00-00 00:00:00', '0000-00-00 00:00:00'),
(192, 'Бухгалтерский учет', 8, 8, '0000-00-00 00:00:00', '0000-00-00 00:00:00'),
(193, 'Бухгалтерский учет', 3, 90, '0000-00-00 00:00:00', '0000-00-00 00:00:00'),
(194, 'Бухгалтерский учёт', 1, 450, '0000-00-00 00:00:00', '0000-00-00 00:00:00'),
(195, 'Бухгалтерский учет анализ и аудит', 17, 5, '0000-00-00 00:00:00', '0000-00-00 00:00:00'),
(196, 'Бухгалтерский учет анализ и аудит', 8, 8, '0000-00-00 00:00:00', '0000-00-00 00:00:00'),
(197, 'Бухгалтерский учет анализ и аудит в потребительской кооперации', 1, 450, '0000-00-00 00:00:00', '0000-00-00 00:00:00'),
(198, 'Бухгалтерский учёт анализ и контроль', 1, 450, '0000-00-00 00:00:00', '0000-00-00 00:00:00'),
(199, 'Бухгалтерский учет в АПК', 1, 450, '0000-00-00 00:00:00', '0000-00-00 00:00:00'),
(200, 'Бухгалтерский учет в банках', 8, 8, '0000-00-00 00:00:00', '0000-00-00 00:00:00'),
(201, 'Бухгалтерский учет в банках', 17, 5, '0000-00-00 00:00:00', '0000-00-00 00:00:00'),
(202, 'Бухгалтерский учет в ВЭД', 17, 5, '0000-00-00 00:00:00', '0000-00-00 00:00:00'),
(203, 'Бухгалтерский учет в ВЭД', 8, 8, '0000-00-00 00:00:00', '0000-00-00 00:00:00'),
(204, 'Бухгалтерский учет в потребительской кооперации', 1, 450, '0000-00-00 00:00:00', '0000-00-00 00:00:00'),
(205, 'Бухгалтерский учет в промышленности', 17, 5, '0000-00-00 00:00:00', '0000-00-00 00:00:00'),
(206, 'Бухгалтерский учет в промышленности', 8, 8, '0000-00-00 00:00:00', '0000-00-00 00:00:00'),
(207, 'Бухгалтерский учёт в промышленности', 3, 90, '0000-00-00 00:00:00', '0000-00-00 00:00:00'),
(208, 'Бухгалтерский учет в системе автоматизированной  обработки информации', 17, 5, '0000-00-00 00:00:00', '0000-00-00 00:00:00'),
(209, 'Бухгалтерский учет в системе автоматизированной  обработки информации', 8, 8, '0000-00-00 00:00:00', '0000-00-00 00:00:00'),
(210, 'Бухгалтерский учет в торговле', 8, 8, '0000-00-00 00:00:00', '0000-00-00 00:00:00'),
(211, 'Бухгалтерский учет в торговле потребительской кооперации', 8, 8, '0000-00-00 00:00:00', '0000-00-00 00:00:00'),
(212, 'Бухгалтерский учет во внешнеэкономической деятельности', 3, 90, '0000-00-00 00:00:00', '0000-00-00 00:00:00'),
(213, 'Бухгалтерский учет и анализ', 17, 5, '0000-00-00 00:00:00', '0000-00-00 00:00:00'),
(214, 'Бухгалтерский учет и анализ', 8, 8, '0000-00-00 00:00:00', '0000-00-00 00:00:00'),
(215, 'Бухгалтерский учет и анализ', 3, 90, '0000-00-00 00:00:00', '0000-00-00 00:00:00'),
(216, 'Бухгалтерский учет и анализ деятельности банка', 3, 90, '0000-00-00 00:00:00', '0000-00-00 00:00:00'),
(217, 'Бухгалтерский учет и аудит', 3, 90, '0000-00-00 00:00:00', '0000-00-00 00:00:00'),
(218, 'Бухгалтерский учет и контроль в промышлености', 3, 90, '0000-00-00 00:00:00', '0000-00-00 00:00:00'),
(219, 'Бухгалтерский учет и 2ность', 3, 90, '0000-00-00 00:00:00', '0000-00-00 00:00:00'),
(220, 'Бухгалтерский учет и 2ность в АПК', 3, 90, '0000-00-00 00:00:00', '0000-00-00 00:00:00'),
(221, 'Бухгалтерский учет и 2ность в промышленности', 17, 5, '0000-00-00 00:00:00', '0000-00-00 00:00:00'),
(222, 'Бухгалтерский учет и 2ность в промышленности', 8, 8, '0000-00-00 00:00:00', '0000-00-00 00:00:00'),
(223, 'Бухгалтерский учет и 2ность в промышленности', 3, 90, '0000-00-00 00:00:00', '0000-00-00 00:00:00'),
(224, 'Бухгалтерский учет и 2ность на предприятиях транспорта', 17, 5, '0000-00-00 00:00:00', '0000-00-00 00:00:00'),
(225, 'Бухгалтерский учет и 2ность на предприятиях транспорта', 8, 8, '0000-00-00 00:00:00', '0000-00-00 00:00:00'),
(226, 'Бухгалтерский учет и 2ность на предприятиях транспорта', 3, 90, '0000-00-00 00:00:00', '0000-00-00 00:00:00'),
(227, 'Бухгалтерский учет и ценообразование в общественном питании', 17, 5, '0000-00-00 00:00:00', '0000-00-00 00:00:00'),
(228, 'Бухгалтерский учет и ценообразование в общественном питании', 8, 8, '0000-00-00 00:00:00', '0000-00-00 00:00:00'),
(229, 'Бухгалтерский учет, анализ и аудит', 8, 8, '0000-00-00 00:00:00', '0000-00-00 00:00:00'),
(230, 'Бухгалтерский учет, анализ и аудит', 17, 5, '0000-00-00 00:00:00', '0000-00-00 00:00:00'),
(231, 'Бухгалтерский учет, анализ и аудит', 3, 90, '0000-00-00 00:00:00', '0000-00-00 00:00:00'),
(232, 'Бухгалтерский учёт, анализ и аудит', 17, 5, '0000-00-00 00:00:00', '0000-00-00 00:00:00'),
(233, 'Бухгалтерский учёт, анализ и аудит', 1, 450, '0000-00-00 00:00:00', '0000-00-00 00:00:00'),
(234, 'Бухгалтерский учёт, анализ и аудит', 8, 8, '0000-00-00 00:00:00', '0000-00-00 00:00:00'),
(235, 'Бухгалтерский учет, анализ и аудит в АПК', 3, 90, '0000-00-00 00:00:00', '0000-00-00 00:00:00'),
(236, 'Бухгалтерский учет, анализ и аудит в коммерческих и некоммерческих организациях', 1, 450, '0000-00-00 00:00:00', '0000-00-00 00:00:00'),
(237, 'Бухгалтерский учет, анализ и аудит в коммерческих и некоммерческих организациях', 17, 5, '0000-00-00 00:00:00', '0000-00-00 00:00:00'),
(238, 'Бухгалтерский учет, анализ и аудит в коммерческих и некоммерческих организациях', 8, 8, '0000-00-00 00:00:00', '0000-00-00 00:00:00'),
(239, 'Бухгалтерский учёт, анализ и аудит в промышленности', 1, 450, '0000-00-00 00:00:00', '0000-00-00 00:00:00'),
(240, 'Бухгалтерский учёт, анализ и аудит в промышленности', 6, 480, '0000-00-00 00:00:00', '0000-00-00 00:00:00'),
(241, 'Бухгалтерский учёт, анализ и аудит в промышленности', 3, 90, '0000-00-00 00:00:00', '0000-00-00 00:00:00'),
(242, 'Бухгалтерский учет, анализ и контроль', 17, 5, '0000-00-00 00:00:00', '0000-00-00 00:00:00'),
(243, 'Бухгалтерский учет, анализ и контроль', 8, 8, '0000-00-00 00:00:00', '0000-00-00 00:00:00'),
(244, 'Бухгалтерский учёт, анализ и контроль', 3, 90, '0000-00-00 00:00:00', '0000-00-00 00:00:00'),
(245, 'Бухгалтерский учет, налогообложение и аудит', 17, 5, '0000-00-00 00:00:00', '0000-00-00 00:00:00'),
(246, 'Бухгалтерский учет, налогообложение и аудит', 8, 8, '0000-00-00 00:00:00', '0000-00-00 00:00:00'),
(247, 'Бухгалтерский финансовый учёт', 3, 90, '0000-00-00 00:00:00', '0000-00-00 00:00:00'),
(248, 'Бухгалтерский финансовый учет в промышленности', 3, 90, '0000-00-00 00:00:00', '0000-00-00 00:00:00'),
(249, 'Бухгалтерский финансовый учет в торговле потребительской кооперации', 8, 8, '0000-00-00 00:00:00', '0000-00-00 00:00:00'),
(250, 'Бухгалтерский финансовый учёт в торговле потребительской кооперации', 3, 90, '0000-00-00 00:00:00', '0000-00-00 00:00:00'),
(251, 'Вариационное исчесление', 8, 8, '0000-00-00 00:00:00', '0000-00-00 00:00:00'),
(252, 'Введение в литератураведение', 17, 4, '0000-00-00 00:00:00', '0000-00-00 00:00:00'),
(253, 'Введение в литератураведение', 8, 4, '0000-00-00 00:00:00', '0000-00-00 00:00:00'),
(254, 'Введение в педагогическую деятельность', 17, 4, '0000-00-00 00:00:00', '0000-00-00 00:00:00'),
(255, 'Введение в педагогическую деятельность', 8, 4, '0000-00-00 00:00:00', '0000-00-00 00:00:00'),
(256, 'Введение в политическую теорию', 3, 72, '0000-00-00 00:00:00', '0000-00-00 00:00:00'),
(257, 'Веб-объекты и распределенная обработка', 3, 90, '0000-00-00 00:00:00', '0000-00-00 00:00:00'),
(258, 'Вентиляция и кондиционирование воздуха', 17, 5, '0000-00-00 00:00:00', '0000-00-00 00:00:00'),
(259, 'Вентиляция и кондиционирование воздуха', 8, 8, '0000-00-00 00:00:00', '0000-00-00 00:00:00'),
(260, 'Ветеринарная медицина', 17, 5, '0000-00-00 00:00:00', '0000-00-00 00:00:00'),
(261, 'Ветеринарная медицина', 8, 8, '0000-00-00 00:00:00', '0000-00-00 00:00:00'),
(262, 'Внешнеэкономическая деятельность', 8, 8, '0000-00-00 00:00:00', '0000-00-00 00:00:00'),
(263, 'Внешнеэкономическая деятельность', 17, 5, '0000-00-00 00:00:00', '0000-00-00 00:00:00'),
(264, 'Внутренние болезни', 17, 5, '0000-00-00 00:00:00', '0000-00-00 00:00:00'),
(265, 'Внутренние болезни', 8, 8, '0000-00-00 00:00:00', '0000-00-00 00:00:00'),
(266, 'Внутрифирменное планирование', 17, 5, '0000-00-00 00:00:00', '0000-00-00 00:00:00'),
(267, 'Внутрифирменное планирование', 8, 8, '0000-00-00 00:00:00', '0000-00-00 00:00:00'),
(268, 'Водопроводная насосная станция', 3, 140, '0000-00-00 00:00:00', '0000-00-00 00:00:00'),
(269, 'Водоснабжение и водоотведение', 3, 140, '0000-00-00 00:00:00', '0000-00-00 00:00:00'),
(270, 'Возрастная педагогическая психология', 17, 4, '0000-00-00 00:00:00', '0000-00-00 00:00:00'),
(271, 'Возрастная педагогическая психология', 8, 4, '0000-00-00 00:00:00', '0000-00-00 00:00:00'),
(272, 'Возрастная психология', 17, 4, '0000-00-00 00:00:00', '0000-00-00 00:00:00'),
(273, 'Возрастная психология', 8, 4, '0000-00-00 00:00:00', '0000-00-00 00:00:00'),
(274, 'Воспитание и обучение детей с тяжёлыми и множественными нарушениями', 17, 4, '0000-00-00 00:00:00', '0000-00-00 00:00:00'),
(275, 'Воспитание и обучение детей с тяжёлыми и множественными нарушениями', 8, 4, '0000-00-00 00:00:00', '0000-00-00 00:00:00'),
(276, 'Воспитание и обучение детей с тяжелыми и множественными нарушениями психофизического развития', 17, 4, '0000-00-00 00:00:00', '0000-00-00 00:00:00'),
(277, 'Воспитание и обучение детей с тяжелыми и множественными нарушениями психофизического развития', 8, 4, '0000-00-00 00:00:00', '0000-00-00 00:00:00'),
(278, 'Воспитание и обучение детей с тяжелыми и множественными нарушениями психофизического развития', 3, 72, '0000-00-00 00:00:00', '0000-00-00 00:00:00'),
(279, 'Восстановительные технологии', 17, 5, '0000-00-00 00:00:00', '0000-00-00 00:00:00'),
(280, 'Восстановительные технологии', 8, 8, '0000-00-00 00:00:00', '0000-00-00 00:00:00'),
(281, 'Всеобщая история', 3, 72, '0000-00-00 00:00:00', '0000-00-00 00:00:00'),
(282, 'Высшая математика', 17, 4, '0000-00-00 00:00:00', '0000-00-00 00:00:00'),
(283, 'Высшая математика', 8, 4, '0000-00-00 00:00:00', '0000-00-00 00:00:00'),
(284, 'Вычислительная математика', 17, 5, '0000-00-00 00:00:00', '0000-00-00 00:00:00'),
(285, 'Вычислительная математика', 8, 8, '0000-00-00 00:00:00', '0000-00-00 00:00:00'),
(286, 'Вычислительная техника, программирование и расчеты на ЭВМ', 3, 90, '0000-00-00 00:00:00', '0000-00-00 00:00:00'),
(287, 'Вычислительные машины системы и сети', 1, 900, '0000-00-00 00:00:00', '0000-00-00 00:00:00'),
(288, 'ВЭД (Внешнеэкономическая деятельность)', 3, 72, '0000-00-00 00:00:00', '0000-00-00 00:00:00'),
(289, 'ВЭД (Внешнеэкономическая деятельность)', 17, 5, '0000-00-00 00:00:00', '0000-00-00 00:00:00'),
(290, 'ВЭД (Внешнеэкономическая деятельность)', 8, 8, '0000-00-00 00:00:00', '0000-00-00 00:00:00'),
(291, 'Генетика', 8, 8, '0000-00-00 00:00:00', '0000-00-00 00:00:00'),
(292, 'Генетика', 17, 5, '0000-00-00 00:00:00', '0000-00-00 00:00:00'),
(293, 'Генетика', 3, 81, '0000-00-00 00:00:00', '0000-00-00 00:00:00'),
(294, 'Генетика и селекция', 3, 81, '0000-00-00 00:00:00', '0000-00-00 00:00:00'),
(295, 'Географические информационные системы и технологии', 10, 35, '0000-00-00 00:00:00', '0000-00-00 00:00:00'),
(296, 'География', 17, 4, '0000-00-00 00:00:00', '0000-00-00 00:00:00'),
(297, 'География', 1, 360, '0000-00-00 00:00:00', '0000-00-00 00:00:00'),
(298, 'География', 8, 4, '0000-00-00 00:00:00', '0000-00-00 00:00:00'),
(299, 'География', 3, 72, '0000-00-00 00:00:00', '0000-00-00 00:00:00'),
(300, 'География Беларуси', 17, 4, '0000-00-00 00:00:00', '0000-00-00 00:00:00'),
(301, 'География Беларуси', 8, 4, '0000-00-00 00:00:00', '0000-00-00 00:00:00'),
(302, 'География Беларуси', 3, 72, '0000-00-00 00:00:00', '0000-00-00 00:00:00'),
(303, 'География Мирового океана', 17, 4, '0000-00-00 00:00:00', '0000-00-00 00:00:00'),
(304, 'География Мирового океана', 8, 4, '0000-00-00 00:00:00', '0000-00-00 00:00:00'),
(305, 'География населения мира', 8, 4, '0000-00-00 00:00:00', '0000-00-00 00:00:00'),
(306, 'География населения мира', 17, 4, '0000-00-00 00:00:00', '0000-00-00 00:00:00'),
(307, 'Геодезия', 8, 8, '0000-00-00 00:00:00', '0000-00-00 00:00:00'),
(308, 'Геодезия', 17, 5, '0000-00-00 00:00:00', '0000-00-00 00:00:00'),
(309, 'Геология', 17, 5, '0000-00-00 00:00:00', '0000-00-00 00:00:00'),
(310, 'Геология', 8, 8, '0000-00-00 00:00:00', '0000-00-00 00:00:00'),
(311, 'Геология и грунтоведение', 17, 5, '0000-00-00 00:00:00', '0000-00-00 00:00:00'),
(312, 'Геология и грунтоведение', 8, 8, '0000-00-00 00:00:00', '0000-00-00 00:00:00'),
(313, 'Геохимия', 17, 4, '0000-00-00 00:00:00', '0000-00-00 00:00:00');

-- --------------------------------------------------------

--
-- Структура таблицы `fastorder`
--

CREATE TABLE `fastorder` (
  `id` int(10) UNSIGNED NOT NULL,
  `fio` varchar(255) DEFAULT NULL,
  `phone` varchar(255) DEFAULT NULL,
  `email` varchar(255) DEFAULT NULL,
  `vuz` varchar(255) DEFAULT NULL,
  `type` varchar(255) DEFAULT NULL,
  `course` varchar(255) DEFAULT NULL,
  `theme` varchar(255) DEFAULT NULL,
  `todate` varchar(255) DEFAULT NULL,
  `special` varchar(255) DEFAULT NULL,
  `comments` longtext,
  `discipline` varchar(255) DEFAULT NULL,
  `promo` varchar(255) DEFAULT NULL,
  `files` longtext,
  `createdAt` datetime DEFAULT NULL,
  `updatedAt` datetime DEFAULT NULL
) ENGINE=InnoDB DEFAULT CHARSET=utf8;

--
-- Дамп данных таблицы `fastorder`
--

INSERT INTO `fastorder` (`id`, `fio`, `phone`, `email`, `vuz`, `type`, `course`, `theme`, `todate`, `special`, `comments`, `discipline`, `promo`, `files`, `createdAt`, `updatedAt`) VALUES
(6, '1', '+375111111112', 'dmitry@flowlane.by', '11', 'Тест', '1', '1', '01.06.2017', '1', '1', '1', '1', 'b0d597c8-6e7a-4dd6-8b63-0e03dfbd2e3d.jpg,edc6acf4-edee-4c71-88a2-f51ccd4d6d3b.jpg,89baf174-ae58-4552-b26f-d4030d0b2190.jpeg', '2017-05-22 15:09:04', '2017-05-22 15:09:04'),
(7, '1', '+375112223344', 'dmitry@flowlane.by', '1', 'Задача', '1', '1', '25.05.2017', '1', '1', '1', '1', 'cc97841c-f164-472f-a600-b9ba86b25942.jpg,a47b0170-4b9c-482f-ba31-7b5194cbcf85.jpg,b9c5ce76-0504-4840-9066-1876116d2305.jpeg,2ad863ee-3b51-47ee-9d26-7ba1f7f184d0.jpg', '2017-05-22 15:17:32', '2017-05-22 15:17:32'),
(8, '1', '+375112223344', 'dmitry@flowlane.by', '11', 'не указано', '1', '1', '31.05.2017', '1', '11', '1', '11', '7b0cc82c-8ccd-48fc-8577-e9cb80d5aa49.jpg,,ab6c5f46-f919-4498-8d40-04864916118a.jpg,', '2017-05-28 11:47:44', '2017-05-28 11:47:44'),
(9, '1', '+375112223344', 'dmitry@flowlane.by', '1', 'не указано', '1', '1', '31.05.2017', '1', '11', '1', '11', NULL, '2017-05-28 11:52:04', '2017-05-28 11:52:04'),
(10, '1', '+375112123123', 'dmitry@flowlane.by', '1', 'не указано', '1', '1', '11.05.2017', '', '', '1', '', NULL, '2017-05-28 11:53:21', '2017-05-28 11:53:21'),
(11, '1', '+375111111111', 'dmitry@flowlane.by', '1', 'не указано', '1', '', '11.05.2017', '', '', '1', '', NULL, '2017-05-28 11:57:32', '2017-05-28 11:57:32'),
(12, '1', '+375112223344', 'dmitry@flowlane.by', '1', 'не указано', '1', '', '19.05.2017', '', '', '1', '', '[{"file":"5d66990c-a552-47ff-9542-38436d82048d.jpg","filename":"banner-1.jpg"},{"file":"a08578f2-0d58-4247-bdf8-80fc70c1fa93.jpg","filename":"banner-2.jpg"}]', '2017-05-28 12:00:55', '2017-05-28 12:00:55'),
(13, '1', '+375112131222', 'dmitry@flowlane.by', '1', 'не указано', '1', '1', '25.05.2017', '1', '1', '1', '1', '[{"file":"514a526b-8f4b-4ea4-8dd7-5dd32749ca04.png","filename":"arrow-down.png"},{"file":"d9548324-7230-4282-b1a9-938730f86631.jpg","filename":"banner-1.jpg"},{"file":"c8ece916-e450-4969-9828-943dba4488c5.jpg","filename":"banner-3.jpg"}]', '2017-05-28 12:27:05', '2017-05-28 12:27:05'),
(14, '1', '+3751111111111', 'dmitry@flowlane.by', '1', 'не указано', '1', '1', '11.05.2017', '', '', '1', '', '"-"', '2017-05-28 12:27:46', '2017-05-28 12:27:46');

-- --------------------------------------------------------

--
-- Структура таблицы `files`
--

CREATE TABLE `files` (
  `id` int(10) UNSIGNED NOT NULL,
  `name` varchar(255) DEFAULT NULL,
  `path` varchar(255) DEFAULT NULL,
  `order` int(11) DEFAULT NULL,
  `user` int(11) DEFAULT NULL,
  `visible` tinyint(1) DEFAULT NULL,
  `access` tinyint(1) DEFAULT NULL,
  `type` int(11) DEFAULT NULL,
  `createdAt` datetime DEFAULT NULL,
  `updatedAt` datetime DEFAULT NULL
) ENGINE=InnoDB DEFAULT CHARSET=utf8;

--
-- Дамп данных таблицы `files`
--

INSERT INTO `files` (`id`, `name`, `path`, `order`, `user`, `visible`, `access`, `type`, `createdAt`, `updatedAt`) VALUES
(41, 'FQU65d_GIIU.jpg', '7594b66c-d8fa-4c5b-9100-a4b8669c5e1a.jpg', 32, 12, 0, 0, 1, '2017-07-13 14:20:46', '2017-07-13 14:20:46'),
(48, 'BFhOyv3N_rY.jpg', 'a53f8c08-22dc-4999-bffa-1df6f1aed2ca.jpg', 26, 12, 1, 0, 1, '2017-07-13 16:22:45', '2017-07-13 16:24:38'),
(50, 'BFhOyv3N_rY.jpg', '0a1d0518-4416-4be8-8d05-278345507cfb.jpg', 23, 12, 0, 0, 1, '2017-07-17 11:18:33', '2017-07-17 11:19:41'),
(51, 'BFhOyv3N_rY.jpg', 'f1e1e661-5e45-45bf-b7b5-a26edf87f307.jpg', 15, 12, 1, 1, 1, '2017-07-19 13:12:13', '2017-07-29 22:16:33'),
(52, '4241.ttf', 'eb74776a-33f9-44f6-a77a-f35534aed5f2.ttf', 47, 12, 0, 0, 1, '2017-08-01 19:43:22', '2017-08-01 19:43:22'),
(53, '4241.ttf', '2cdcd1d5-6ead-4210-9233-6b52b2d10010.ttf', NULL, 21, 0, 0, 1, '2017-08-02 02:31:26', '2017-08-02 02:31:26'),
(54, 'pexels-photo-271560.jpeg', '38a3ea2e-4183-4ca3-b8a8-7d38e08656bb.jpeg', NULL, 21, 0, 0, 1, '2017-08-02 02:32:59', '2017-08-02 02:32:59'),
(74, 'BFhOyv3N_rY.jpg', '9e3a4e40-5285-4b17-91cf-7ed1299e95be.jpg', 47, 12, 0, 0, 1, '2017-08-02 04:27:02', '2017-08-02 04:27:02'),
(94, 'BFhOyv3N_rY.jpg', 'd6d2c5a2-6009-497c-ae63-3c2a6b1cfddf.jpg', -21, 21, 0, 0, 9, '2017-08-02 05:02:45', '2017-08-02 05:02:45'),
(95, 'BFhOyv3N_rY.jpg', 'fd5b3809-7d02-4bef-a4aa-ca9b6137ff1b.jpg', -11, 11, 0, 0, 9, '2017-08-02 12:56:14', '2017-08-02 12:56:14'),
(96, 'BFhOyv3N_rY.jpg', '533b1ac6-a686-4cae-8e4b-271068a17db9.jpg', 62, 12, 0, 0, 1, '2017-08-02 22:57:06', '2017-08-02 22:57:06'),
(97, 'BFhOyv3N_rY.jpg', '0e58bcaa-65e3-46d6-9809-f4b39dcdd589.jpg', -23, 23, 0, 0, 9, '2017-08-02 22:58:35', '2017-08-02 22:58:35'),
(99, 'BFhOyv3N_rY.jpg', '00c266a4-50db-45f0-b38c-e952282baca6.jpg', 81, 12, 0, 0, 1, '2017-08-06 18:59:43', '2017-08-06 18:59:43'),
(102, 'ТЗ_автор.pdf', 'c7b90008-89df-44bc-92bd-40098bf6702e.pdf', 2, 12, 0, 1, 1, '2017-08-07 11:24:50', '2017-08-07 11:25:03');

-- --------------------------------------------------------

--
-- Структура таблицы `highschool`
--

CREATE TABLE `highschool` (
  `id` varchar(255) NOT NULL,
  `parent_id` varchar(255) DEFAULT NULL,
  `caption` varchar(255) DEFAULT NULL,
  `shortText` longtext,
  `fullText` longtext,
  `createdAt` datetime DEFAULT NULL,
  `updatedAt` datetime DEFAULT NULL
) ENGINE=InnoDB DEFAULT CHARSET=utf8;

--
-- Дамп данных таблицы `highschool`
--

INSERT INTO `highschool` (`id`, `parent_id`, `caption`, `shortText`, `fullText`, `createdAt`, `updatedAt`) VALUES
('zavedenia_brest', 'zavedenia', 'Брест', NULL, NULL, NULL, NULL),
('zavedenia_brest_beuk', 'zavedenia_brest', 'БЭЮК (Барановичи)', NULL, NULL, NULL, NULL),
('zavedenia_brest_bgkjt', 'zavedenia_brest', 'БГКЖТ (Брест)', NULL, NULL, NULL, NULL),
('zavedenia_brest_bgmk', 'zavedenia_brest', 'БГМК (Брест)', NULL, NULL, NULL, NULL),
('zavedenia_brest_bgmkb', 'zavedenia_brest', 'БГМК (Барановичи)', NULL, NULL, NULL, NULL),
('zavedenia_brest_bgpk', 'zavedenia_brest', 'БГПК (Брест)', NULL, NULL, NULL, NULL),
('zavedenia_brest_bgub', 'zavedenia_brest', 'БарГУ (Барановичи)', NULL, NULL, NULL, NULL),
('zavedenia_brest_bmkb', 'zavedenia_brest', 'БМК (Брест)', NULL, NULL, NULL, NULL),
('zavedenia_brest_brgtu', 'zavedenia_brest', 'БрГТУ (Брест)', NULL, NULL, NULL, NULL),
('zavedenia_brest_brgu', 'zavedenia_brest', 'БрГУ (Брест)', NULL, NULL, NULL, NULL),
('zavedenia_brest_btkb', 'zavedenia_brest', 'БТК (Барановичи)', NULL, NULL, NULL, NULL),
('zavedenia_brest_kbpbf', 'zavedenia_brest', 'КБП БФ (Брест)', NULL, NULL, NULL, NULL),
('zavedenia_brest_klpb', 'zavedenia_brest', 'КЛП (Барановичи)', NULL, NULL, NULL, NULL),
('zavedenia_brest_pgatex', 'zavedenia_brest', 'ПГАТехК (Пинск)', NULL, NULL, NULL, NULL),
('zavedenia_brest_pgatk', 'zavedenia_brest', 'ПГАТК (Пинск)', NULL, NULL, NULL, NULL),
('zavedenia_brest_pgatkp', 'zavedenia_brest', 'ПГАТК (Пружаны)', NULL, NULL, NULL, NULL),
('zavedenia_brest_pgipk', 'zavedenia_brest', 'ПГИПК (Пинск)', NULL, NULL, NULL, NULL),
('zavedenia_brest_pgmk', 'zavedenia_brest', 'ПГМК (Пинск)', NULL, NULL, NULL, NULL),
('zavedenia_brest_pgup', 'zavedenia_brest', 'ПГУ (Пинск)', NULL, NULL, NULL, NULL),
('zavedenia_brest_pkbrgu', 'zavedenia_brest', 'ПКБрГУ (Пинск)', NULL, NULL, NULL, NULL),
('zavedenia_brest_sgaek', 'zavedenia_brest', 'СГАЭК (Столин)', NULL, NULL, NULL, NULL),
('zavedenia_gomel', 'zavedenia', 'Гомель', NULL, NULL, NULL, NULL),
('zavedenia_gomel_belgut', 'zavedenia_gomel', 'БелГУТ (Гомель)', NULL, NULL, NULL, NULL),
('zavedenia_gomel_belteupk', 'zavedenia_gomel', 'БелТЭУПК (Гомель)', NULL, NULL, NULL, NULL),
('zavedenia_gomel_bkgat', 'zavedenia_gomel', 'БАЭК (Буда-Кошелево)', NULL, NULL, NULL, NULL),
('zavedenia_gomel_gatk', 'zavedenia_gomel', 'ГАТК (Б. Кошелево)', NULL, NULL, NULL, NULL),
('zavedenia_gomel_ggaek', 'zavedenia_gomel', 'ГГАЭК (Гомель)', NULL, NULL, NULL, NULL),
('zavedenia_gomel_ggdsk', 'zavedenia_gomel', 'ГГДСК (Гомель)', NULL, NULL, NULL, NULL),
('zavedenia_gomel_ggkgt', 'zavedenia_gomel', 'ГГКЖТ (Гомель)', NULL, NULL, NULL, NULL),
('zavedenia_gomel_ggmk', 'zavedenia_gomel', 'ГГМК (Гомель)', NULL, NULL, NULL, NULL),
('zavedenia_gomel_ggmu', 'zavedenia_gomel', 'ГГМУ (Гомель)', NULL, NULL, NULL, NULL),
('zavedenia_gomel_ggpk', 'zavedenia_gomel', 'ГГПК (Гомель)', NULL, NULL, NULL, NULL),
('zavedenia_gomel_ggplk', 'zavedenia_gomel', 'ГГПК (Гомель)', NULL, NULL, NULL, NULL),
('zavedenia_gomel_ggtu', 'zavedenia_gomel', 'ГГТУ (Гомель)', NULL, NULL, NULL, NULL),
('zavedenia_gomel_ggu', 'zavedenia_gomel', 'ГГУ (Гомель)', NULL, NULL, NULL, NULL),
('zavedenia_gomel_giimcs', 'zavedenia_gomel', 'ГИИ МЧС (Гомель)', NULL, NULL, NULL, NULL),
('zavedenia_gomel_gmk', 'zavedenia_gomel', 'ГМК (Гомель)', NULL, NULL, NULL, NULL),
('zavedenia_gomel_gtekb', 'zavedenia_gomel', 'ГТЭК (Гомель)', NULL, NULL, NULL, NULL),
('zavedenia_gomel_jgmk', 'zavedenia_gomel', 'ЖМК (Жлобин)', NULL, NULL, NULL, NULL),
('zavedenia_gomel_lgpkl', 'zavedenia_gomel', 'ЛГПК (Лоев)', NULL, NULL, NULL, NULL),
('zavedenia_gomel_mgmkm', 'zavedenia_gomel', 'МГМК (Мозырь)', NULL, NULL, NULL, NULL),
('zavedenia_gomel_mgpkm', 'zavedenia_gomel', 'МГПК (Мозырь)', NULL, NULL, NULL, NULL),
('zavedenia_gomel_mgpum', 'zavedenia_gomel', 'МГПУ (Мозырь)', NULL, NULL, NULL, NULL),
('zavedenia_gomel_mitso', 'zavedenia_gomel', 'МИТСО (Гомель)', NULL, NULL, NULL, NULL),
('zavedenia_gomel_pgakk', 'zavedenia_gomel', 'ПГАК (Калинковичи)', NULL, NULL, NULL, NULL),
('zavedenia_gomel_rgakr', 'zavedenia_gomel', 'РГАК (Речица)', NULL, NULL, NULL, NULL),
('zavedenia_gomel_rgpkr', 'zavedenia_gomel', 'РГПК (Речица)', NULL, NULL, NULL, NULL),
('zavedenia_gomel_rgpkrg', 'zavedenia_gomel', 'РГПК (Рогачев)', NULL, NULL, NULL, NULL),
('zavedenia_gomel_rgptks', 'zavedenia_gomel', 'РГПТКС (Рогачев)', NULL, NULL, NULL, NULL),
('zavedenia_gomel_sgiks', 'zavedenia_gomel', 'СГИК (Светлогорск)', NULL, NULL, NULL, NULL),
('zavedenia_grodno', 'zavedenia', 'Гродно', NULL, NULL, NULL, NULL),
('zavedenia_grodno_bip', 'zavedenia_grodno', 'БИП (Гродно)', NULL, NULL, NULL, NULL),
('zavedenia_grodno_ggau', 'zavedenia_grodno', 'ГГАУ (Гродно)', NULL, NULL, NULL, NULL),
('zavedenia_grodno_ggmu', 'zavedenia_grodno', 'ГГМУ (Гродно)', NULL, NULL, NULL, NULL),
('zavedenia_grodno_ggpk', 'zavedenia_grodno', 'ГГПК (Гродно)', NULL, NULL, NULL, NULL),
('zavedenia_grodno_ggu', 'zavedenia_grodno', 'ГГУ (Гродно)', NULL, NULL, NULL, NULL),
('zavedenia_grodno_gk', 'zavedenia_grodno', 'ГК (Гродно)', NULL, NULL, NULL, NULL),
('zavedenia_grodno_gtk', 'zavedenia_grodno', 'ГТК (Гродно)', NULL, NULL, NULL, NULL),
('zavedenia_grodno_lk', 'zavedenia_grodno', 'ЛК (Лида)', NULL, NULL, NULL, NULL),
('zavedenia_grodno_ngak', 'zavedenia_grodno', 'НГАК (Новогрудок)', NULL, NULL, NULL, NULL),
('zavedenia_grodno_tk', 'zavedenia_grodno', 'ТК (Гродно)', NULL, NULL, NULL, NULL),
('zavedenia_grodno_vk', 'zavedenia_grodno', 'ВК (Волковысск)', NULL, NULL, NULL, NULL),
('zavedenia_minsk', 'zavedenia', 'Минск', NULL, NULL, NULL, NULL),
('zavedenia_minsk_amvd', 'zavedenia_minsk', 'АМВД (Минск)', NULL, NULL, NULL, NULL),
('zavedenia_minsk_aurb', 'zavedenia_minsk', 'АУРБ (Минск)', NULL, NULL, NULL, NULL),
('zavedenia_minsk_bgai', 'zavedenia_minsk', 'БГАИ (Минск)', NULL, NULL, NULL, NULL),
('zavedenia_minsk_bgam', 'zavedenia_minsk', 'БГАМ (Минск)', NULL, NULL, NULL, NULL),
('zavedenia_minsk_bgatu', 'zavedenia_minsk', 'БГАТУ (Минск)', NULL, NULL, NULL, NULL),
('zavedenia_minsk_bgeu', 'zavedenia_minsk', 'БГЭУ (Минск)', NULL, NULL, NULL, NULL),
('zavedenia_minsk_bgmk', 'zavedenia_minsk', 'БГМК (Минск)', NULL, NULL, NULL, NULL),
('zavedenia_minsk_bgmu', 'zavedenia_minsk', 'БГМУ (Минск)', NULL, NULL, NULL, NULL),
('zavedenia_minsk_bgpk', 'zavedenia_minsk', 'БГПК (Борисов)', NULL, NULL, NULL, NULL),
('zavedenia_minsk_bgpu', 'zavedenia_minsk', 'БГПУ (Минск)', NULL, NULL, NULL, NULL),
('zavedenia_minsk_bgsha', 'zavedenia_minsk', 'БГСХА (Минск)', NULL, NULL, NULL, NULL);

-- --------------------------------------------------------

--
-- Структура таблицы `knowledgelibrary`
--

CREATE TABLE `knowledgelibrary` (
  `id` int(10) UNSIGNED NOT NULL,
  `name` varchar(255) DEFAULT NULL,
  `parent` int(11) DEFAULT NULL,
  `createdAt` datetime DEFAULT NULL,
  `updatedAt` datetime DEFAULT NULL
) ENGINE=InnoDB DEFAULT CHARSET=utf8;

--
-- Дамп данных таблицы `knowledgelibrary`
--

INSERT INTO `knowledgelibrary` (`id`, `name`, `parent`, `createdAt`, `updatedAt`) VALUES
(3, 'Автоматика и электроника', NULL, NULL, NULL),
(4, 'Автоматизация и планирование', 3, NULL, NULL),
(5, 'Датчики электронных систем безопасности', 3, NULL, NULL),
(6, 'Конструирование и технология средств медицинской электроники', 3, NULL, NULL),
(7, 'Конструирование и технология электронных устройств', 3, NULL, NULL),
(8, 'Линейные сооружения', 3, NULL, NULL),
(9, 'Материалы электронной техники', 3, NULL, NULL),
(10, 'Методы и устройства формирования и обработки телекоммуникационных сигналов', 3, NULL, NULL),
(11, 'Микропроцессорная техника', 3, NULL, NULL),
(12, 'Основы автоматики и микропроцессорной техники', 3, NULL, NULL),
(13, 'Основы автоматики и телемеханики', 3, NULL, NULL),
(14, 'Основы оптимизационных  методов', 3, NULL, NULL),
(15, 'Основы построения систем и сетей телекоммуникаций', 3, NULL, NULL),
(16, 'Основы промышленной электроники', 3, NULL, NULL),
(17, 'Основы радиоэлектроники', 3, NULL, NULL),
(18, 'Основы электроники', 3, NULL, NULL),
(19, 'Основы электроники и микропроцессорной техники', 3, NULL, NULL),
(20, 'Основы электроники и микроэлектроники', 3, NULL, NULL),
(21, 'Радиопередающие устройства', 3, NULL, NULL),
(22, 'Радиоэлектроника', 3, NULL, NULL),
(23, 'Сети коммутации', 3, NULL, NULL),
(24, 'Система автоматического управления электроприводами', 3, NULL, NULL),
(25, 'Система доступа к телекоммуникационым и компьютерным сетям', 3, NULL, NULL),
(26, 'Системы кабельного телевидения', 3, NULL, NULL),
(27, 'Схемотехника электронных устройств', 3, NULL, NULL),
(28, 'Теория автоматического управления', 3, NULL, NULL),
(29, 'Физические основы проектирования радиоэлектронных средств', 3, NULL, NULL),
(30, 'Электроника', 3, NULL, NULL),
(31, 'Электронные приборы', 3, NULL, NULL),
(32, 'Электронные медицинские аппараты, системы и комплексы', 3, NULL, NULL),
(33, 'Электронные устройства систем безопасности', 3, NULL, NULL),
(34, 'Электропривод и электроавтоматика', 3, NULL, NULL),
(35, 'Электрорадиоматериалы', 3, NULL, NULL),
(36, 'Автомобильный транспорт и строительство автодорог', NULL, NULL, NULL),
(37, 'Восстановительные технологии', 36, NULL, NULL),
(38, 'Дорожные машины, автомобили и тракторы', 36, NULL, NULL),
(39, 'ОКТ (Общий курс транспорта)', 36, NULL, NULL),
(40, 'Общий курс транспорта и страхование', 36, NULL, NULL),
(41, 'Организация дорожного движения', 36, NULL, NULL),
(42, 'Организация и механизация погрузочно-разгрузочных работ', 36, NULL, NULL),
(43, 'Основы управления транспортным средством и безопасность движения', 36, NULL, NULL),
(44, 'Правила дорожного движения', 36, NULL, NULL),
(45, 'Производство погрузочно-разгрузочных работ.Терминалы', 36, NULL, NULL),
(46, 'Ремонт автомобилей', 36, NULL, NULL),
(47, 'Ремонт дорожных машин,автомобилей и тракторов', 36, NULL, NULL),
(48, 'Теория автомобиля и двигателя', 36, NULL, NULL),
(49, 'Техническая эксплуатация автомобилей', 36, NULL, NULL),
(50, 'Техническое обслуживание и ремонт легковых автомобилей', 36, NULL, NULL),
(51, 'Транспортная связь', 36, NULL, NULL),
(52, 'Устройство автомобилей', 36, NULL, NULL),
(53, 'Устройство и эксплуатация автомобилей', 36, NULL, NULL),
(54, 'Эксплуатационные материалы', 36, NULL, NULL),
(55, 'Дорожное грунтоведение', 36, NULL, NULL),
(56, 'Дорожное грунтоведение и механика земляного полотна дорог  ', 36, NULL, NULL),
(57, 'Фундаменты транспортных сооружений ', 36, NULL, NULL),
(58, 'Автомобильные дороги     ', 36, NULL, NULL),
(59, 'Автомобильные дороги. Строительство дорог и аэродромов       ', 36, NULL, NULL),
(60, 'Городские улицы и дороги', 36, NULL, NULL),
(61, 'ДСМ (дорожно-строительные материалы)', 36, NULL, NULL),
(62, 'Изыскание', 36, NULL, NULL),
(63, 'Изыскания и проектирование автодорог', 36, NULL, NULL),
(64, 'Изыскания и проектирование дорог и транспортных объектов', 36, NULL, NULL),
(65, 'Изыскание и проектирование железных дорог', 36, NULL, NULL),
(66, 'Искусственные сооружения на автомобильных дорогах', 36, NULL, NULL),
(67, 'Локомотивные энергетические установки', 36, NULL, NULL),
(68, 'Мосты и сооружения на дорогах', 36, NULL, NULL),
(69, 'Организация дорожно-строительных работ', 36, NULL, NULL),
(70, 'Основания и фундаменты транспортных сооружений', 36, NULL, NULL),
(71, 'Основы проектирования автомобильных дорог            ', 36, NULL, NULL),
(72, 'Проектирование автомобильных дорог', 36, NULL, NULL),
(73, 'Проектирование ж\\б а\\д моста на свайных опорах                                                      ', 36, NULL, NULL),
(74, 'Пути сообщения и их эксплуатационные качества', 36, NULL, NULL),
(75, 'Реконструкция автомобильных дорог', 36, NULL, NULL),
(76, 'Строительные конструкции', 36, NULL, NULL),
(77, 'Строительные конструкции транспортных сооружений', 36, NULL, NULL),
(78, 'Технология, автоматизация и механизация строительства дорог  ', 36, NULL, NULL),
(79, 'Технология путевых работ', 36, NULL, NULL),
(80, 'Фундаменты транспортных сооружений', 36, NULL, NULL),
(81, 'Эксплуатация, содержание и ремонт дорог и транспортных объектов', 36, NULL, NULL),
(85, 'Английский язык', NULL, NULL, NULL),
(86, 'Английская литература', 85, NULL, NULL),
(87, 'Английский язык', 85, NULL, NULL),
(88, 'Английский язык (проф. лексика)', 85, NULL, NULL),
(89, 'Английский язык (разговорный)', 85, NULL, NULL),
(90, 'Английский язык делового общения', 85, NULL, NULL),
(91, 'Деловой иностранный язык', 85, NULL, NULL),
(92, 'Зарубежная литература', 85, NULL, NULL),
(93, 'Иностранный язык', 85, NULL, NULL),
(94, 'Иностранный язык делового общения', 85, NULL, NULL),
(95, 'Литература Великобритании', 85, NULL, NULL),
(96, 'Методика преподавания английского языка', 85, NULL, NULL),
(97, 'Методика преподавания иностранного языка', 85, NULL, NULL),
(98, 'Методика преподавания иностранных языков', 85, NULL, NULL),
(99, 'Основы письменной речи     ', 85, NULL, NULL),
(100, 'Терминология по дизайну', 85, NULL, NULL),
(101, 'Промышленное и гражданское строительство ', NULL, NULL, NULL),
(102, 'Архитектура', 101, NULL, NULL),
(103, 'Гражданские и промышленные здания', 101, NULL, NULL),
(104, 'Диагностика технического состояния зданий и сооружений', 101, NULL, NULL),
(105, 'Железобетонные и каменные конструкции', 101, NULL, NULL),
(106, 'Железобетонные конструкции', 101, NULL, NULL),
(107, 'Здание на ж/д транспорте', 101, NULL, NULL),
(108, 'Металлические конструкции', 101, NULL, NULL),
(109, 'Нормирование труда и сметы', 101, NULL, NULL),
(110, 'Организация и нормирование труда', 101, NULL, NULL),
(111, 'Организация строительного производства', 101, NULL, NULL),
(112, 'Организация строительства', 101, NULL, NULL),
(113, 'Основы садово-паркового хозяйства', 101, NULL, NULL),
(114, 'ПГС (Промышленное и гражданское строительство)', 101, NULL, NULL),
(115, 'Строительные материалы', 101, NULL, NULL),
(116, 'Строительные материалы и изделия', 101, NULL, NULL),
(117, 'Строительство и эксплуатация зданий и сооружений', 101, NULL, NULL),
(118, 'Основы организации и управления в строительстве', 101, NULL, NULL),
(119, 'ТСП (Технология строительного производства)', 101, NULL, NULL),
(120, 'Техника и технология строительно-монтажных работ ', 101, NULL, NULL),
(121, 'ИСиО (Инженерные сети и оборудование)', 101, NULL, NULL),
(122, 'Строительные машины и оборудование', 101, NULL, NULL),
(123, 'Механика грунтов, основания и фундаменты ', 101, NULL, NULL),
(127, 'Оборудование и технология сварочного производства', NULL, NULL, NULL),
(128, 'Источники питания и оборудование сварки плавления', 127, NULL, NULL),
(129, 'Оборудование и технология сварочного производства', 127, NULL, NULL),
(130, 'Проектирование сварных конструкций', 127, NULL, NULL),
(131, 'Сварка, резка материалов и труб', 127, NULL, NULL),
(132, 'Технология сварки плавлением', 127, NULL, NULL),
(133, 'Банковское дело', NULL, NULL, NULL),
(134, 'Анализ деятельности банка и управление рисками', 133, NULL, NULL),
(135, 'Анализ деятельности банков', 133, NULL, NULL),
(136, 'Анализ деятельности коммерческих банков', 133, NULL, NULL),
(137, 'Банковские операции', 133, NULL, NULL),
(138, 'Банковский маркетинг', 133, NULL, NULL),
(139, 'Банковский менеджмент', 133, NULL, NULL),
(140, 'Банковский надзор и аудит', 133, NULL, NULL),
(141, 'Банковский учет, контроль и аудит', 133, NULL, NULL),
(142, 'Банковское дело', 133, NULL, NULL),
(143, 'Денежное обращение', 133, NULL, NULL),
(144, 'Денежное обращение и кредит', 133, NULL, NULL),
(145, 'ДКБ (Деньги, кредит, банки)', 133, NULL, NULL),
(146, 'Международный Валютный Рынок', 133, NULL, NULL),
(147, 'ОДКБ (основы деятельности коммерческих банков)', 133, NULL, NULL),
(148, 'Организация деятельности банков', 133, NULL, NULL);

-- --------------------------------------------------------

--
-- Структура таблицы `managerrooms`
--

CREATE TABLE `managerrooms` (
  `id` int(10) UNSIGNED NOT NULL,
  `priority` int(11) DEFAULT NULL,
  `phone` varchar(255) DEFAULT NULL,
  `orderCount` int(11) DEFAULT NULL,
  `active` tinyint(1) DEFAULT NULL,
  `comment` longtext,
  `createdAt` datetime DEFAULT NULL,
  `updatedAt` datetime DEFAULT NULL
) ENGINE=InnoDB DEFAULT CHARSET=utf8;

--
-- Дамп данных таблицы `managerrooms`
--

INSERT INTO `managerrooms` (`id`, `priority`, `phone`, `orderCount`, `active`, `comment`, `createdAt`, `updatedAt`) VALUES
(1, 1, '1111111', NULL, 1, 'пн., вт.', NULL, NULL),
(2, 2, '2222222', NULL, 1, 'ср., чт.', NULL, NULL),
(3, 3, '3333333', NULL, 1, 'пт., сб., вс.', NULL, NULL);

-- --------------------------------------------------------

--
-- Структура таблицы `messages`
--

CREATE TABLE `messages` (
  `id` int(10) UNSIGNED NOT NULL,
  `from` int(11) DEFAULT NULL,
  `to` int(11) DEFAULT NULL,
  `origin` int(11) DEFAULT NULL,
  `message` longtext,
  `order` int(11) DEFAULT NULL,
  `read` int(11) DEFAULT NULL,
  `createdAt` datetime DEFAULT NULL,
  `updatedAt` datetime DEFAULT NULL
) ENGINE=InnoDB DEFAULT CHARSET=utf8;

--
-- Дамп данных таблицы `messages`
--

INSERT INTO `messages` (`id`, `from`, `to`, `origin`, `message`, `order`, `read`, `createdAt`, `updatedAt`) VALUES
(1, 1, 10, 12, 'Добрый день!\n', 2, 1, '2017-08-07 03:14:46', '2017-08-07 06:56:55'),
(2, 10, 1, 0, 'Здравствуйте', 2, 1, '2017-08-07 03:14:59', '2017-08-07 06:56:55'),
(3, 1, 10, 12, 'Test', 3, 1, '2017-08-07 04:01:08', '2017-08-07 06:56:39'),
(4, 10, 1, 0, 'ok', 3, 1, '2017-08-07 04:01:32', '2017-08-07 06:56:39'),
(5, 1, 10, 12, '342', 3, 1, '2017-08-07 04:01:40', '2017-08-07 06:56:39'),
(6, 10, 1, 0, 'спс', 3, 1, '2017-08-07 04:01:45', '2017-08-07 06:56:39'),
(7, 1, 10, 12, 'Привет', 3, 1, '2017-08-07 06:56:32', '2017-08-07 06:56:39'),
(8, 1, 10, 12, 'тест\n', 3, 0, '2017-08-07 06:57:05', '2017-08-07 06:57:05'),
(9, 1, 10, 12, 'Привет\n', 2, 0, '2017-08-07 06:57:23', '2017-08-07 06:57:23'),
(10, 10, 1, 0, 'Привет', 2, 0, '2017-08-07 06:57:35', '2017-08-07 06:57:35'),
(11, 1, 10, 12, 'Как дела?', 2, 0, '2017-08-07 06:57:46', '2017-08-07 06:57:46'),
(12, 1, 10, 12, 'etrthrthr', 2, 0, '2017-08-07 11:19:04', '2017-08-07 11:19:04'),
(13, 1, 10, 12, 'ntyntyn', 2, 0, '2017-08-07 11:19:09', '2017-08-07 11:19:09'),
(14, 10, 1, 0, 'test', 2, 0, '2017-08-07 11:27:24', '2017-08-07 11:27:24'),
(15, 1, 10, 12, 'test', 2, 0, '2017-08-07 11:27:39', '2017-08-07 11:27:39'),
(16, 1, 10, 12, 'tret5e5te5te', 2, 0, '2017-08-07 11:27:45', '2017-08-07 11:27:45'),
(17, 26, 1, 0, 'алло', 5, 1, '2017-08-07 12:27:09', '2017-08-07 12:42:23'),
(18, 1, 26, 12, 'Да\n', 5, 1, '2017-08-07 12:27:33', '2017-08-07 12:42:23'),
(19, 1, 28, 12, 'Добрый день! Заказ принят', 7, 1, '2017-08-07 12:49:56', '2017-08-07 12:50:05'),
(20, 28, 1, 0, 'Спасибо, жду', 7, 0, '2017-08-07 12:50:11', '2017-08-07 12:50:11'),
(21, 1, 29, 12, 'test', 8, 1, '2017-08-07 12:56:39', '2017-08-07 12:56:44'),
(22, 29, 1, 0, 'tstergrthtrh', 8, 0, '2017-08-07 12:56:49', '2017-08-07 12:56:49'),
(23, 1, 29, 12, 'thnrthrtinhrithrth', 8, 0, '2017-08-07 12:59:32', '2017-08-07 12:59:32');

-- --------------------------------------------------------

--
-- Структура таблицы `news`
--

CREATE TABLE `news` (
  `id` int(10) UNSIGNED NOT NULL,
  `category` int(11) DEFAULT NULL,
  `author` int(11) DEFAULT NULL,
  `title` varchar(255) DEFAULT NULL,
  `short` longtext,
  `full` longtext,
  `meta` longtext,
  `views` int(11) DEFAULT NULL,
  `createdAt` datetime DEFAULT NULL,
  `updatedAt` datetime DEFAULT NULL
) ENGINE=InnoDB DEFAULT CHARSET=utf8;

--
-- Дамп данных таблицы `news`
--

INSERT INTO `news` (`id`, `category`, `author`, `title`, `short`, `full`, `meta`, `views`, `createdAt`, `updatedAt`) VALUES
(1, 1, 1, 'Бюджет страны сможет оплатить только 50% студентов в 2017', 'Количество абитуриентов в 2017 году будет меньше, чем в прошлом, т.к. количество студентов в учебных заведениях напрямую зависит от экономики страны и демографической ситуации. ', 'Частное унитарное предприятие по оказанию услуг «Зачётка» сможет оказать помощь в поиске и структурировании информации для написания дипломных, курсовых, контрольных работ, отчетов по практике, тестам всем поступившим в ВУЗы и СУЗы в 2017 году. Заказать студенческие работы по любым дисциплинам можно на сайте – za4etka.by. \r\nЧастное предприятие «Зачётка» планирует выполнять в 2017 году более 1 000 заказов каждый месяц и вывести на высший уровень качество выполненных работ с многоступенчатым сервисом проверки. \r\nДля сдачи ЦТ в этом году сделали три дополнительных дня, изменили сроки приема документов. На бюджет в Высшие учебные заведения документы будут принимать с 12 июля по 17 июля, с 18 июля по 24 июля в Высших учебных заведених пройдут вступительные экзамены. \r\nОкончание приемной кампании 2017 года - 6 августа. \r\nПоступить в любое время без сдачи централизованного тестирования (ЦТ) в престижные Московские ВУЗы на дистанционную форму обучения в 2017 году будет возможно с компанией Поступи.бел – высшее дистанционное образование в Гомеле.', NULL, NULL, '2017-05-01 14:11:12', '2017-05-01 14:11:12'),
(2, 1, 1, 'Заочное обучение или дистанционное? Частные ВУЗы без заочников', 'Высшее образование в 2016 году стало еще менее доступным для лиц старшего возраста, т.к. в РБ сокращают число заочников и называют это реформированием. ', 'Вот российские ВУЗы, особенно частные, такие как МИП и МЭИ, уже давно приняли курс данного развития образования граждан и не прогадали. Обширное информационное пространство и сдача тестов - это будущее в образовании (инвестирование в будущее с Поступи.бел). Также данные ВУЗы не отказались от обычной формы написания контрольных, курсовых, отчетов по практике и дипломов, это осталось обязательной составляющей обучения. \r\nЗаочное, а теперь уже дистанционное образование - это основная деятельность негосударственных ВУЗов. Количество студентов заочного обучения в них почти в три раза больше, чем на дневном отделении. Поэтому изменения в сфере заочной формы обучения в Беларуси существенно скажутся прежде всего на частных учебгных заведениях. \r\nЭто как называется и есть «Инструмент недобросовестной конкуренции». \r\nС каждым годом заочников в РБ становится всё меньше: в 2010 году их свыше 220 000, в 2015-м - 170 000. Число студентов в целом тоже уменьшается (с почти 443 000 в 2010 году до почти 353 000 в 2015). Соотношение общего числа студентов и студентов заочников за последние шесть лет не изменилось и осталось 2:1. \r\nЕсли смотреть по данным Национального статистического комитета, число студентов в гос. ВУЗах уменьшается намного медленнее, чем в частных. \r\nВ 2010 году в гос. Учебных заведениях обучалось около 383 000 студентов, в 2015-м – больше чем 329 000, а в частных ВУЗах студентов за последние шесть лет сократилось в два раза: с 60 100 до 34 600. Частным ВУЗам сложно конкурировать за абитуриента. \r\nДля частных ВУЗов дистанционное образование - шанс избежать последствия уменьшения числа абитуриентов из-за демографического спада. Это возможность не потерять рабочие места, избежав сокращения преподавателей. \r\nПри этом, в тяжелые для всех университетов времена, государство не хочет делиться студентами с частными ВУЗами и при этом наблюдаются бессмысленные ограничения в сфере заочного образования, которые являются инструментом недобросовестной конкуренции между частными и государственными вузами. \r\nМнение общества, что образование в частных вузах менее качественное, дистанционное и заочное в особенности. Однако в приемных комиссиях отмечают: сдерживает набор студентов-заочников то, что согласно правилам приема в РБ, на эту форму обучения принимают только тех, кто работает. В отличии от ВУЗов РФ, где на дистанционное обучение в ВУЗ может поступить каждый и в любое удобное для него время заказав обучение на сайте Поступи.бел. \r\nВ последнее время сокращения заочного обучения и обязанность заочников работать каким-то образом касается и проблемы применения декрета о "тунеядцах". \r\n\r\nПосыл, что заочное образование является некачественным – в старой интерпретации заочного обучения в РБ - ДА, но с дистанционным обучением и тестированием все меняется. Дистанционное обучение выходит на новый уровень образования. \r\nВ стране работает презумпция виновности. Предполагается, что заочник – «мошенник», т.к. за него кто-то выполняет заказанные им курсовые, контрольные, отчеты, дипломы, а где же при этом работа преподавателей при защите этих работ? Фирмы оказывающие помощь при написании дипломных, курсовых и прочих работ, не могут защитить их вместо студента заказавшего курсовую или диплом. Существует масса программ, которые не нуждаются в очном преподавании, но у нас в стране используются старые методы обучения. \r\nЗаочное или дистанционное? \r\nПрименение современных технологий дистанционного образования - сильнее обычного заочного обучения, а контроль строже. Необходимо переходить с заочного на дистанционное образование немедленно, готовя при этом базу перехода заранее, но при этом важно говорить даже\r\nне о технологиях, а о сути учебного процесса. \r\nПроблема то в том и есть, что дистанционное образование в Беларуси развивают по старой модели заочного, включающего сессии, во время которых «заполняют» студентов знаниями в течение нескольких дней. \r\nСогласно Кодексу об образовании, дистанционная форма обучения - это вид заочного. \r\nЭто анахронизм, необходимо узаконить, наконец-то, дистанционное образование. Для этого пора узаконить электронной вид обучения, разработав современную нормативную базу. \r\nПо оценке экспертов, в стране система дистанционного образования не развита, есть опыт только у БГУИР (Белорусского университета информатики и радиоэлектроники). \r\nЭтот ВУЗ - исключение, чем правило, его опыт дистанционного образования вполне можно использовать для определения стандартов в будущем образовании. \r\nВ БГУИР студенты переходят на дистанционную форму обучения уже со 2-го или 3-го курса. Это осознанный выбор людей, которые находят работу, уходят в собственный бизнес. Да, дневная форма обучения – это контакт и общение, но для вполне развитого студента этого уже не достаточно. \r\nТакже реализацию проектов дистанционного обучения проводит команда Поступи.бел, которые оказывают помощь при поступлении в лучшие ВУЗы России на дистанционную форму обучения. \r\nСтатья подготовлена компанией «Зачётка», являющейся лучшей командой в написании дипломных, курсовых и контрольных работ. Оставить заявку на любого рода студенческую работу можно на сайте za4etka.by или в офисах г. Гомеля, Минска и Могилева.', NULL, NULL, '2017-05-01 14:11:03', '2017-05-01 14:11:03');

-- --------------------------------------------------------

--
-- Структура таблицы `orders`
--

CREATE TABLE `orders` (
  `id` int(10) UNSIGNED NOT NULL,
  `user` int(11) DEFAULT NULL,
  `title` varchar(255) DEFAULT NULL,
  `short_description` longtext,
  `full_description` longtext,
  `order_theme` varchar(255) DEFAULT NULL,
  `promo` varchar(255) DEFAULT NULL,
  `order_status` int(11) DEFAULT NULL,
  `author_status` int(11) DEFAULT NULL,
  `order_type` int(11) DEFAULT NULL,
  `order_discipline` varchar(255) DEFAULT NULL,
  `order_highschool` varchar(255) DEFAULT NULL,
  `order_speciality` varchar(255) DEFAULT NULL,
  `order_author` int(11) DEFAULT NULL,
  `knowledge_list` longtext,
  `guess_authors` longtext,
  `manager` int(11) DEFAULT NULL,
  `files` int(11) DEFAULT NULL,
  `manager_status` int(11) DEFAULT NULL,
  `price` float DEFAULT NULL,
  `discount` float DEFAULT NULL,
  `paid` float DEFAULT NULL,
  `paytomanager` float DEFAULT NULL,
  `paytoauthor` float DEFAULT NULL,
  `date_to` varchar(255) DEFAULT NULL,
  `comments` longtext,
  `author_comments` longtext,
  `quality_mark` int(11) DEFAULT NULL,
  `service_mark` int(11) DEFAULT NULL,
  `reason` longtext,
  `createdAt` datetime DEFAULT NULL,
  `updatedAt` datetime DEFAULT NULL
) ENGINE=InnoDB DEFAULT CHARSET=utf8;

--
-- Дамп данных таблицы `orders`
--

INSERT INTO `orders` (`id`, `user`, `title`, `short_description`, `full_description`, `order_theme`, `promo`, `order_status`, `author_status`, `order_type`, `order_discipline`, `order_highschool`, `order_speciality`, `order_author`, `knowledge_list`, `guess_authors`, `manager`, `files`, `manager_status`, `price`, `discount`, `paid`, `paytomanager`, `paytoauthor`, `date_to`, `comments`, `author_comments`, `quality_mark`, `service_mark`, `reason`, `createdAt`, `updatedAt`) VALUES
(1, 10, '7 по Физика', NULL, NULL, 'Индукция', 'промо', 1, 1, 7, 'Физика', NULL, NULL, NULL, NULL, NULL, 1, 0, 1, NULL, 10, NULL, NULL, NULL, '2017-09-10T00:00:00+03:00', 'Просто', NULL, NULL, NULL, NULL, '2017-08-07 03:13:19', '2017-08-07 03:13:19'),
(2, 10, '7 по Физика', NULL, NULL, 'Индукция', 'промо', 4, 3, 7, 'Биофизика', NULL, NULL, 24, '', '', 1, 1, 5, 0, 10, NULL, 0, 0, '2017-07-31T21:00:00.000Z', 'Просто', NULL, NULL, NULL, NULL, '2017-08-07 03:13:19', '2017-08-07 13:55:52'),
(3, 10, '7 по Физика', NULL, NULL, 'Индукция', 'промо', 1, 1, 7, 'Английская литература', NULL, NULL, NULL, '85,86', NULL, 1, 0, 1, 0, 10, 15, 0, 0, '2017-09-10T00:00:00+03:00', 'Просто', NULL, NULL, NULL, NULL, '2017-08-07 03:13:19', '2017-08-07 11:21:09'),
(4, 10, '3 по Дисциплина', NULL, NULL, 'Тема', '', 1, 1, 3, 'Аналитическая геометрия', NULL, NULL, NULL, '', '', 1, 0, 3, 6, 10, NULL, 0.81, 2.16, '2017-08-31T00:00:00+03:00', '', NULL, NULL, NULL, NULL, '2017-08-07 11:32:30', '2017-08-07 15:15:08'),
(5, 26, 'Диссертация по Дисц', NULL, NULL, 'Тема', NULL, 4, 3, 6, 'Дисц', NULL, NULL, 23, '36,59,134', '23', 1, 0, 5, 0, 10, NULL, 0, 0, '2017-09-09T00:00:00+03:00', '', NULL, NULL, NULL, NULL, '2017-08-07 12:25:53', '2017-08-07 14:03:29'),
(6, 27, 'Задача по Дисциплина', NULL, NULL, 'Тема', NULL, 3, 2, 8, 'Автоматизированные системы управления', NULL, NULL, 23, '', '', 1, 0, 4, 75, 10, NULL, 10.13, 27, '2017-08-29T21:00:00.000Z', '', NULL, NULL, NULL, NULL, '2017-08-07 12:45:32', '2017-08-07 13:55:37'),
(7, 28, 'Перевод по Английский', NULL, NULL, 'Тема', NULL, 1, 1, 11, 'Английский язык', NULL, NULL, NULL, '', '', 1, 0, 1, 360, 0, 350, 54, 144, '2017-09-08T00:00:00+03:00', '', NULL, NULL, NULL, NULL, '2017-08-07 12:47:42', '2017-08-07 13:58:24'),
(8, 29, 'Контрольная работа по 123', NULL, NULL, '321', NULL, 1, 1, 4, '123', NULL, NULL, NULL, '', '', 1, 0, 1, 50, 10, NULL, 6.75, 18, '2017-09-09T00:00:00+03:00', '', NULL, NULL, NULL, NULL, '2017-08-07 12:55:48', '2017-08-07 12:57:32');

-- --------------------------------------------------------

--
-- Структура таблицы `ordersmap`
--

CREATE TABLE `ordersmap` (
  `id` int(10) UNSIGNED NOT NULL,
  `order` int(11) DEFAULT NULL,
  `map` longtext,
  `createdAt` datetime DEFAULT NULL,
  `updatedAt` datetime DEFAULT NULL
) ENGINE=InnoDB DEFAULT CHARSET=utf8;

--
-- Дамп данных таблицы `ordersmap`
--

INSERT INTO `ordersmap` (`id`, `order`, `map`, `createdAt`, `updatedAt`) VALUES
(1, 59, '{"subTypes": [{"id":0, "count":0},{"id":1, "count":5},{"id":2, "count":0},{"id":3, "count":4},{"id":4, "count":7},{"id":5, "count":0},{"id":6, "count":12},{"id":7, "count":1},{"id":8, "count":0},{"id":9, "count":0},{"id":10, "count":1},{"id":11, "count":0},{"id":12, "count":0},{"id":13, "count":0},{"id":14, "count":0},{"id":15, "count":0},{"id":16, "count":0}]}', '2017-07-24 14:51:47', '2017-07-25 11:20:14'),
(2, 58, '{"subTypes": [{"id":0, "count":3},{"id":1, "count":5},{"id":2, "count":7},{"id":3, "count":0},{"id":4, "count":0},{"id":5, "count":0},{"id":6, "count":0},{"id":7, "count":0},{"id":8, "count":0},{"id":9, "count":0},{"id":10, "count":0},{"id":11, "count":0},{"id":12, "count":0},{"id":13, "count":0},{"id":14, "count":0},{"id":15, "count":0},{"id":16, "count":0}]}', '2017-07-24 14:54:23', '2017-07-24 14:54:23'),
(3, 57, '{"subTypes": [{"id":0, "count":0},{"id":1, "count":0},{"id":2, "count":0},{"id":3, "count":4},{"id":4, "count":0},{"id":5, "count":0},{"id":6, "count":0},{"id":7, "count":0},{"id":8, "count":0},{"id":9, "count":0},{"id":10, "count":0},{"id":11, "count":0},{"id":12, "count":0},{"id":13, "count":0},{"id":14, "count":0},{"id":15, "count":0},{"id":16, "count":0}]}', '2017-07-24 14:55:16', '2017-07-31 01:04:49'),
(4, 42, '{"subTypes": [{"id":0, "count":0},{"id":1, "count":0},{"id":2, "count":0},{"id":3, "count":0},{"id":4, "count":0},{"id":5, "count":0},{"id":6, "count":0},{"id":7, "count":0},{"id":8, "count":0},{"id":9, "count":13},{"id":10, "count":0},{"id":11, "count":0},{"id":12, "count":0},{"id":13, "count":0},{"id":14, "count":0},{"id":15, "count":0},{"id":16, "count":0},{"id":17, "count":0}]}', '2017-07-24 14:56:24', '2017-07-24 14:56:45'),
(5, 45, '{"subTypes": []}', '2017-07-25 11:20:31', '2017-08-02 09:28:31'),
(6, 55, '{"subTypes": [{"id":0, "count":5},{"id":1, "count":2},{"id":2, "count":0},{"id":3, "count":0},{"id":4, "count":0},{"id":5, "count":0},{"id":6, "count":0},{"id":7, "count":0},{"id":8, "count":0},{"id":9, "count":0},{"id":10, "count":0},{"id":11, "count":0},{"id":12, "count":0},{"id":13, "count":0},{"id":14, "count":0},{"id":15, "count":0},{"id":16, "count":0}]}', '2017-07-31 10:57:01', '2017-07-31 10:57:01'),
(7, 47, '{"subTypes": []}', '2017-08-01 18:13:10', '2017-08-07 02:45:53'),
(8, 72, '{"subTypes": [{"id":0, "count":8},{"id":1, "count":12},{"id":2, "count":0},{"id":3, "count":0},{"id":4, "count":0},{"id":5, "count":0},{"id":6, "count":0},{"id":7, "count":0},{"id":8, "count":0},{"id":9, "count":0},{"id":10, "count":0},{"id":11, "count":0},{"id":12, "count":0},{"id":13, "count":0},{"id":14, "count":0},{"id":15, "count":0},{"id":16, "count":0}]}', '2017-08-02 12:59:16', '2017-08-02 12:59:16'),
(9, 65, '{"subTypes": [{"id":0, "count":0},{"id":1, "count":0},{"id":2, "count":0},{"id":3, "count":8},{"id":4, "count":0},{"id":5, "count":8},{"id":6, "count":0},{"id":7, "count":0},{"id":8, "count":0},{"id":9, "count":0},{"id":10, "count":0},{"id":11, "count":0},{"id":12, "count":0},{"id":13, "count":0},{"id":14, "count":0},{"id":15, "count":0},{"id":16, "count":0}]}', '2017-08-02 13:00:28', '2017-08-02 13:02:18'),
(10, 71, '{"subTypes": [{"id":0, "count":0},{"id":1, "count":0},{"id":2, "count":0},{"id":3, "count":4},{"id":4, "count":0},{"id":5, "count":0},{"id":6, "count":0},{"id":7, "count":0},{"id":8, "count":0},{"id":9, "count":0},{"id":10, "count":0},{"id":11, "count":0},{"id":12, "count":0},{"id":13, "count":0},{"id":14, "count":0},{"id":15, "count":0},{"id":16, "count":0}]}', '2017-08-02 13:09:26', '2017-08-02 16:26:02'),
(11, 78, '{"subTypes": []}', '2017-08-02 16:42:57', '2017-08-02 16:42:57'),
(12, 84, '{"subTypes": [{"id":0, "count":10},{"id":1, "count":4},{"id":2, "count":0},{"id":3, "count":0},{"id":4, "count":0},{"id":5, "count":0},{"id":6, "count":0},{"id":7, "count":0},{"id":8, "count":0},{"id":9, "count":0},{"id":10, "count":0},{"id":11, "count":0},{"id":12, "count":0},{"id":13, "count":0},{"id":14, "count":0},{"id":15, "count":0},{"id":16, "count":0}]}', '2017-08-02 17:33:56', '2017-08-02 17:35:33'),
(13, 62, '{"subTypes": [{"id":0, "count":10},{"id":1, "count":6},{"id":2, "count":0},{"id":3, "count":0},{"id":4, "count":4},{"id":5, "count":0},{"id":6, "count":0},{"id":7, "count":0},{"id":8, "count":0},{"id":9, "count":0},{"id":10, "count":0},{"id":11, "count":0},{"id":12, "count":0},{"id":13, "count":0},{"id":14, "count":0},{"id":15, "count":0},{"id":16, "count":0}]}', '2017-08-02 23:01:38', '2017-08-02 23:01:38'),
(14, 81, '{"subTypes": []}', '2017-08-06 16:51:23', '2017-08-06 16:51:23'),
(15, 2, '{"subTypes": []}', '2017-08-07 03:14:28', '2017-08-07 05:33:10'),
(16, 3, '{"subTypes": []}', '2017-08-07 03:29:39', '2017-08-07 03:30:01'),
(17, 8, '{"subTypes": []}', '2017-08-07 12:57:32', '2017-08-07 12:57:32'),
(18, 6, '{"subTypes": [{"id":0, "count":0},{"id":1, "count":0},{"id":2, "count":1},{"id":3, "count":1},{"id":4, "count":0},{"id":5, "count":0},{"id":6, "count":0},{"id":7, "count":0},{"id":8, "count":0},{"id":9, "count":0},{"id":10, "count":0},{"id":11, "count":0},{"id":12, "count":0},{"id":13, "count":0},{"id":14, "count":0},{"id":15, "count":0}]}', '2017-08-07 13:44:16', '2017-08-07 13:55:37'),
(19, 7, '{"subTypes": [{"id":0, "count":1},{"id":1, "count":0},{"id":2, "count":0},{"id":3, "count":0},{"id":4, "count":0},{"id":5, "count":0},{"id":6, "count":0},{"id":7, "count":0},{"id":8, "count":0},{"id":9, "count":0},{"id":10, "count":0},{"id":11, "count":0},{"id":12, "count":0},{"id":13, "count":0},{"id":14, "count":0},{"id":15, "count":0},{"id":16, "count":0},{"id":17, "count":0},{"id":18, "count":0},{"id":19, "count":0},{"id":20, "count":0},{"id":21, "count":0},{"id":22, "count":0},{"id":23, "count":0},{"id":24, "count":0}]}', '2017-08-07 13:57:56', '2017-08-07 13:58:24'),
(20, 5, '{"subTypes": []}', '2017-08-07 14:01:43', '2017-08-07 14:01:43'),
(21, 4, '{"subTypes": [{"id":0, "count":2},{"id":1, "count":0},{"id":2, "count":0},{"id":3, "count":0},{"id":4, "count":0},{"id":5, "count":0},{"id":6, "count":0},{"id":7, "count":0},{"id":8, "count":0},{"id":9, "count":0},{"id":10, "count":0},{"id":11, "count":0},{"id":12, "count":0},{"id":13, "count":0},{"id":14, "count":0},{"id":15, "count":0}]}', '2017-08-07 15:15:04', '2017-08-07 15:15:04');

-- --------------------------------------------------------

--
-- Структура таблицы `orderstatuses`
--

CREATE TABLE `orderstatuses` (
  `id` int(10) UNSIGNED NOT NULL,
  `name` varchar(255) DEFAULT NULL,
  `createdAt` datetime DEFAULT NULL,
  `updatedAt` datetime DEFAULT NULL
) ENGINE=InnoDB DEFAULT CHARSET=utf8;

--
-- Дамп данных таблицы `orderstatuses`
--

INSERT INTO `orderstatuses` (`id`, `name`, `createdAt`, `updatedAt`) VALUES
(1, 'На оценке', NULL, NULL),
(2, 'К оплате', NULL, NULL),
(3, 'В работе + К оплате', NULL, NULL),
(4, 'В работе', NULL, NULL),
(5, 'На доработке', NULL, NULL),
(6, 'Готов + К оплате', NULL, NULL),
(7, 'Готов', NULL, NULL),
(8, 'Отменен', NULL, NULL);

-- --------------------------------------------------------

--
-- Структура таблицы `ordersuggestions`
--

CREATE TABLE `ordersuggestions` (
  `id` int(10) UNSIGNED NOT NULL,
  `order` int(11) DEFAULT NULL,
  `user` int(11) DEFAULT NULL,
  `data` longtext,
  `status` int(11) DEFAULT NULL,
  `createdAt` datetime DEFAULT NULL,
  `updatedAt` datetime DEFAULT NULL
) ENGINE=InnoDB DEFAULT CHARSET=utf8;

--
-- Дамп данных таблицы `ordersuggestions`
--

INSERT INTO `ordersuggestions` (`id`, `order`, `user`, `data`, `status`, `createdAt`, `updatedAt`) VALUES
(1, 84, 23, '{ "price":1, "date":"2"}', NULL, '2017-08-05 12:45:23', '2017-08-05 12:45:23'),
(2, 71, 23, NULL, NULL, '2017-08-06 11:07:58', '2017-08-06 11:07:58'),
(3, 4, 23, '{ "price":20, "date":"Thu Aug 17 2017 00:00:00 GMT+0300 (+03)"}', NULL, '2017-08-07 15:42:44', '2017-08-07 15:42:44');

-- --------------------------------------------------------

--
-- Структура таблицы `pages`
--

CREATE TABLE `pages` (
  `id` int(10) UNSIGNED NOT NULL,
  `name` varchar(128) DEFAULT NULL,
  `url` varchar(128) DEFAULT NULL,
  `inMenu` tinyint(1) DEFAULT NULL,
  `createdAt` datetime DEFAULT NULL,
  `updatedAt` datetime DEFAULT NULL
) ENGINE=InnoDB DEFAULT CHARSET=utf8;

--
-- Дамп данных таблицы `pages`
--

INSERT INTO `pages` (`id`, `name`, `url`, `inMenu`, `createdAt`, `updatedAt`) VALUES
(1, 'Тест', 'test', NULL, '2017-04-02 14:42:48', '2017-04-02 14:42:48');

-- --------------------------------------------------------

--
-- Структура таблицы `passport`
--

CREATE TABLE `passport` (
  `protocol` varchar(255) DEFAULT NULL,
  `password` varchar(255) DEFAULT NULL,
  `provider` varchar(255) DEFAULT NULL,
  `identifier` varchar(255) DEFAULT NULL,
  `tokens` longtext,
  `user` int(11) DEFAULT NULL,
  `id` int(10) UNSIGNED NOT NULL,
  `createdAt` datetime DEFAULT NULL,
  `updatedAt` datetime DEFAULT NULL
) ENGINE=InnoDB DEFAULT CHARSET=utf8;

-- --------------------------------------------------------

--
-- Структура таблицы `user`
--

CREATE TABLE `user` (
  `id` int(10) UNSIGNED NOT NULL,
  `email` varchar(128) DEFAULT NULL,
  `password` varchar(512) DEFAULT NULL,
  `type` int(11) DEFAULT NULL,
  `referalLink` varchar(255) DEFAULT NULL,
  `name` varchar(255) DEFAULT NULL,
  `phone` varchar(255) DEFAULT NULL,
  `highschool` varchar(255) DEFAULT NULL,
  `speciality` varchar(255) DEFAULT NULL,
  `faculty` varchar(255) DEFAULT NULL,
  `fielded` varchar(255) DEFAULT NULL,
  `graduation` varchar(255) DEFAULT NULL,
  `gender` varchar(255) DEFAULT NULL,
  `birthDate` varchar(255) DEFAULT NULL,
  `workTypes` varchar(255) DEFAULT NULL,
  `knowledgeList` varchar(255) DEFAULT NULL,
  `comments` longtext,
  `room` int(11) DEFAULT NULL,
  `job` varchar(255) DEFAULT NULL,
  `vacancy` varchar(255) DEFAULT NULL,
  `tokenID` varchar(255) DEFAULT NULL,
  `online` tinyint(1) DEFAULT NULL,
  `createdAt` datetime DEFAULT NULL,
  `updatedAt` datetime DEFAULT NULL
) ENGINE=InnoDB DEFAULT CHARSET=utf8;

--
-- Дамп данных таблицы `user`
--

INSERT INTO `user` (`id`, `email`, `password`, `type`, `referalLink`, `name`, `phone`, `highschool`, `speciality`, `faculty`, `fielded`, `graduation`, `gender`, `birthDate`, `workTypes`, `knowledgeList`, `comments`, `room`, `job`, `vacancy`, `tokenID`, `online`, `createdAt`, `updatedAt`) VALUES
(10, 'dmitry@flowlane.by', '$2a$10$FYvIYAvyVFTbaZhMar1HTugcIL6M9NqyGKxshbxW4yx..ER6WBOf2', 1, NULL, 'Дмитрий', '+375291569680', 'ГГУ', '2', 'Физический', '2012', NULL, 'm', '19.05.1995', NULL, NULL, 'Доп', NULL, NULL, NULL, 'rjKW9dYErBef4dPB6qeOm3', 1, '2017-04-18 17:08:00', '2017-08-07 12:14:27'),
(11, 'dmitry2@flowlane.by', '$2a$10$A8en4N/9nMKNL/6fWm6P8.umNvunOk6MblLvy2Yx.6R/hWDkLi9o2', 3, NULL, 'Дмитрий Александрович', '265464654', 'GSU', 'ASOI', NULL, NULL, '2K17', 'мужской', '1995-05-18T20:00:00.000Z', NULL, NULL, NULL, NULL, 'Z4', 'WD', NULL, 1, '2017-04-18 17:09:59', '2017-08-02 13:11:17'),
(12, 'dmitry3@flowlane.by', '$2a$10$M.pDmusn58yFtkPgX8OKeOmrBNMRm3vt3nHyzRfjIquZoCxIB.3hO', 2, NULL, 'Пётр', NULL, NULL, NULL, NULL, NULL, NULL, NULL, NULL, NULL, NULL, NULL, 1, NULL, NULL, 'rjKW9dYErBef4dPB6qeOm', 1, '2017-05-09 12:13:35', '2017-08-07 03:56:02'),
(14, 'dmitry1@flowlane.by', '$2a$10$VAgeaFpJw3lCBU/QPlNgw.W6E0j9hRB1ydHMG79rulUO6tqa8Rds2', 1, NULL, 'Александр', '+375291569680', 'ПТУ №35', 'Ядерная физика', 'Физический', '2012', NULL, 'm', '19.05.1995', NULL, NULL, 'Тест', NULL, NULL, NULL, 'rjKW9dYErBef4dPB6qeO', 1, '2017-05-22 18:39:37', '2017-06-24 10:01:13'),
(15, 'lcirkunova@za4etka.by', '$2a$10$QaPtk5L6.BqHvZq2He14vuh1yLUA3ovD8uY/FlpQyjaj2xPzu2SoW', 2, 'BL12G', 'Лариса Цыркунова', NULL, NULL, NULL, NULL, NULL, NULL, NULL, NULL, NULL, NULL, NULL, 1, NULL, NULL, 'lctdzOt6C/SHl7Vw6Qe6', NULL, '2017-05-29 19:27:27', '2017-05-29 19:27:27'),
(16, 'landreeva@za4etka.by', '$2a$10$qhTtASF7TCs6PA92MI9DPuEWSrpIcPncWlUCDv88gB6H.x3u7XOGy', 2, '1FssG', 'Любовь Андреева', NULL, NULL, NULL, NULL, NULL, NULL, NULL, NULL, NULL, NULL, NULL, 1, NULL, NULL, '/rjZn7w8pTA/WSjovJuR', NULL, '2017-05-29 19:28:08', '2017-05-29 19:28:08'),
(17, 'epismennaya@za4etka.by', '$2a$10$07N5Ex/Mzc0.HnmFmf0AN.gX/38SLfHwstzdW/Phcj1B9Q2lQDcOC', 2, 'nLT9m', 'Елена Письменная', NULL, NULL, NULL, NULL, NULL, NULL, NULL, NULL, NULL, NULL, NULL, 2, NULL, NULL, '.cb0cqp10cWW47rz1we1', 1, '2017-05-29 19:28:25', '2017-06-16 19:25:18'),
(18, 'atereshenko@za4etka.by', '$2a$10$5y74kh1mFW54qos95PoBWOqkIlIDJuI19U5heR6M47SUW2SWNL.de', 2, 'QH8gO', 'Анастасия Терещенко', NULL, NULL, NULL, NULL, NULL, NULL, NULL, NULL, NULL, NULL, NULL, 2, NULL, NULL, 'gZQqllBtpq78/XKFxReR', NULL, '2017-05-29 19:28:40', '2017-05-29 19:28:40'),
(19, 'odecuk@za4etka.by', '$2a$10$S9YPQYTtZEj2XD4cTablv.tNxdhiwAmjTlO.mtYCqQCzuaMBA4Iqe', 2, 'oXDW2', 'Ольга Децук', NULL, NULL, NULL, NULL, NULL, NULL, NULL, NULL, NULL, NULL, NULL, 3, NULL, NULL, 'gPgaR7txhDFVEgE2zDOz', NULL, '2017-05-29 19:28:53', '2017-05-29 19:28:53'),
(20, 'tkovalevich@za4etka.by', '$2a$10$7Ue8efSkcyd2X9JL7kj.b.XdKft34nwjRkRqJGdvlNcHTQUYQeuxa', 2, 'JqPp2', 'Татьяна Ковалевич', NULL, NULL, NULL, NULL, NULL, NULL, NULL, NULL, NULL, NULL, NULL, 3, NULL, NULL, 'lFuxPPmqlqIKA637V3On', 1, '2017-05-29 19:29:08', '2017-06-16 16:27:01'),
(22, 'dmitry5@flowlane.by', '$2a$10$9/v7hr80jgr5NXKGkIwiD.kKT3tAg/gbUGbhwQJ2rtJuzp8PF/kpm', 1, 'HS0SS', NULL, NULL, NULL, NULL, NULL, NULL, NULL, NULL, NULL, NULL, NULL, NULL, NULL, NULL, NULL, 'VLpCnYe1JPjGOyYGl8ef', 1, '2017-08-02 11:44:39', '2017-08-02 17:27:40'),
(23, 'dmitry6@flowlane.by', '$2a$10$W0MlNMgSsaBnZ2ek.RcOQuohhYx9kL3HdT3DVwjL07yhkmKsUAuqy', 3, 'dQZQW', 'Алексей Семенов', '+375291552244', 'ГГУ', 'Физика 1', NULL, NULL, '1999', 'мужской', '1981-06-25T20:00:00.000Z', '2,3,4,3,4,5,2,3,4', '36,85,101', NULL, NULL, 'ЧПУП "ГомельСтройОбоиСервисЛучшийБэстОфЗэБэст"', 'Генеральный директор', '7DgG4EVQtJ4fKFQOb9e2', 1, '2017-08-02 13:41:43', '2017-08-02 22:58:27'),
(24, 'q1@q.by', '$2a$10$QkPCihpN0nKdSPqNA9aiyuoKTkoGSLJALlUoQ7Yo3dwT.lQVyDM3y', 3, 'VNsWu', 'Александр Петрович', '375229113528', 'ВУЗ', 'СПЕЦ', NULL, NULL, '2200', 'мужской', '1991-08-29T21:00:00.000Z', '2,1', '85,127,101,514', NULL, NULL, 'Гомель', 'Кто', 'EVX9U9UtDG.3ECr6Y/ew', 1, '2017-08-02 16:37:08', '2017-08-07 13:39:28'),
(25, 'vasya@pupkin.ru', '$2a$10$SvkUsCjb7JmlSG9VeHQWrudyCJYPNgMDJmNZ1.HfTKln9kXS9DbFm', 1, 'qzAJe', 'Вася Пупкин', '+375291114433', 'ГСУ', 'ИОСА', NULL, NULL, NULL, NULL, NULL, NULL, NULL, NULL, NULL, NULL, NULL, 'sgLCC0LK4aQxMgMx1BO5', 1, '2017-08-07 12:16:22', '2017-08-07 12:22:07'),
(26, 'vasya2@pupkin.ru', '$2a$10$Eo2VpeXNfEX2SoPUQZYr/.sBi2DjEwi8ktEynqkkmcIKAj6UB/pwe', 1, 'puUPm', 'Вася Пупкин', '+375291114433', 'ГСУ', 'ИОСА', NULL, NULL, NULL, NULL, NULL, NULL, NULL, NULL, NULL, NULL, NULL, 's/2AaXA0E5dCnMxTzJev', 1, '2017-08-07 12:25:53', '2017-08-07 12:42:25'),
(27, 'samvel@ya.ru', '$2a$10$N8klKyyUFvhc8hJHAkqA6OCjw5xdKNeqHd4hH70I00ZoIvMQb2/pW', 1, 'QqRBG', 'Георгий Самвелович', '+375296432385', 'ГГМУ', 'Лечебное дело', NULL, NULL, NULL, NULL, NULL, NULL, NULL, NULL, NULL, NULL, NULL, 'YIi.MVQq5Lar8zEbFJu0', 0, '2017-08-07 12:45:31', '2017-08-07 12:45:31'),
(28, 'petrtheone@ya.ru', '$2a$10$QKSaIfUojM7hyq6i7EfuUuML8qIkk8R/bv.Uc6OD/VEr1pl105K1i', 1, 'DqkSi', 'Петр Первый', '+375443121176', 'GSU', 'English', NULL, NULL, NULL, NULL, NULL, NULL, NULL, NULL, NULL, NULL, NULL, 'CoEB6QVQfiwBOGp27LOV', 1, '2017-08-07 12:47:42', '2017-08-07 12:54:06'),
(29, 'vasya@pupki7n.ru', '$2a$10$B6FRhAulkmRdWffZ/xN4Qurw7J.JBE7KJFm7qBwLjJM6wwZ6Opoxy', 1, 'nGCp.', 'Вася Пупкин', '+375297776655', 'gsu', 'test', NULL, NULL, NULL, NULL, NULL, NULL, NULL, NULL, NULL, NULL, NULL, 'JRLwTyVj6Oko.7iBxmez', 1, '2017-08-07 12:55:48', '2017-08-07 12:59:05');

-- --------------------------------------------------------

--
-- Структура таблицы `worktypes`
--

CREATE TABLE `worktypes` (
  `id` int(10) UNSIGNED NOT NULL,
  `name` varchar(255) DEFAULT NULL,
  `display` int(11) DEFAULT NULL,
  `createdAt` datetime DEFAULT NULL,
  `updatedAt` datetime DEFAULT NULL
) ENGINE=InnoDB DEFAULT CHARSET=utf8;

--
-- Дамп данных таблицы `worktypes`
--

INSERT INTO `worktypes` (`id`, `name`, `display`, `createdAt`, `updatedAt`) VALUES
(1, 'Дипломная работа', 1, '2017-05-20 14:50:17', '2017-05-20 14:50:17'),
(2, 'Отчет', 1, NULL, NULL),
(3, 'Курсовая', 1, NULL, NULL),
(4, 'Контрольная работа', 1, NULL, NULL),
(5, 'Тест', 1, NULL, NULL),
(6, 'Диссертация', 1, NULL, NULL),
(7, 'Реферат', 1, NULL, NULL),
(8, 'Задача', 1, NULL, NULL),
(9, 'Доклад', 1, NULL, NULL),
(10, 'Лабораторная работа', 1, NULL, NULL),
(11, 'Перевод', 1, NULL, NULL),
(12, 'Практикум', 1, NULL, NULL),
(13, 'Презентация', 1, NULL, NULL),
(14, 'СУРС', 1, NULL, NULL),
(15, 'Чертёж', 1, NULL, NULL),
(16, 'Эссе', 1, NULL, NULL),
(17, 'Вопросы', 1, NULL, NULL),
(18, 'Онлайн-экзамен', 1, NULL, NULL),
(19, 'Шпаргалка', 1, NULL, NULL);

--
-- Индексы сохранённых таблиц
--

--
-- Индексы таблицы `dialogs`
--
ALTER TABLE `dialogs`
  ADD PRIMARY KEY (`id`);

--
-- Индексы таблицы `disciplines`
--
ALTER TABLE `disciplines`
  ADD PRIMARY KEY (`id`);

--
-- Индексы таблицы `fastorder`
--
ALTER TABLE `fastorder`
  ADD PRIMARY KEY (`id`);

--
-- Индексы таблицы `files`
--
ALTER TABLE `files`
  ADD PRIMARY KEY (`id`);

--
-- Индексы таблицы `highschool`
--
ALTER TABLE `highschool`
  ADD PRIMARY KEY (`id`);

--
-- Индексы таблицы `knowledgelibrary`
--
ALTER TABLE `knowledgelibrary`
  ADD PRIMARY KEY (`id`);

--
-- Индексы таблицы `managerrooms`
--
ALTER TABLE `managerrooms`
  ADD PRIMARY KEY (`id`);

--
-- Индексы таблицы `messages`
--
ALTER TABLE `messages`
  ADD PRIMARY KEY (`id`);

--
-- Индексы таблицы `news`
--
ALTER TABLE `news`
  ADD PRIMARY KEY (`id`);

--
-- Индексы таблицы `orders`
--
ALTER TABLE `orders`
  ADD PRIMARY KEY (`id`);

--
-- Индексы таблицы `ordersmap`
--
ALTER TABLE `ordersmap`
  ADD PRIMARY KEY (`id`);

--
-- Индексы таблицы `orderstatuses`
--
ALTER TABLE `orderstatuses`
  ADD PRIMARY KEY (`id`);

--
-- Индексы таблицы `ordersuggestions`
--
ALTER TABLE `ordersuggestions`
  ADD PRIMARY KEY (`id`);

--
-- Индексы таблицы `pages`
--
ALTER TABLE `pages`
  ADD PRIMARY KEY (`id`);

--
-- Индексы таблицы `passport`
--
ALTER TABLE `passport`
  ADD PRIMARY KEY (`id`);

--
-- Индексы таблицы `user`
--
ALTER TABLE `user`
  ADD PRIMARY KEY (`id`),
  ADD UNIQUE KEY `email` (`email`);

--
-- Индексы таблицы `worktypes`
--
ALTER TABLE `worktypes`
  ADD PRIMARY KEY (`id`);

--
-- AUTO_INCREMENT для сохранённых таблиц
--

--
-- AUTO_INCREMENT для таблицы `dialogs`
--
ALTER TABLE `dialogs`
  MODIFY `id` int(10) UNSIGNED NOT NULL AUTO_INCREMENT;
--
-- AUTO_INCREMENT для таблицы `disciplines`
--
ALTER TABLE `disciplines`
  MODIFY `id` int(10) UNSIGNED NOT NULL AUTO_INCREMENT, AUTO_INCREMENT=314;
--
-- AUTO_INCREMENT для таблицы `fastorder`
--
ALTER TABLE `fastorder`
  MODIFY `id` int(10) UNSIGNED NOT NULL AUTO_INCREMENT, AUTO_INCREMENT=15;
--
-- AUTO_INCREMENT для таблицы `files`
--
ALTER TABLE `files`
  MODIFY `id` int(10) UNSIGNED NOT NULL AUTO_INCREMENT, AUTO_INCREMENT=103;
--
-- AUTO_INCREMENT для таблицы `knowledgelibrary`
--
ALTER TABLE `knowledgelibrary`
  MODIFY `id` int(10) UNSIGNED NOT NULL AUTO_INCREMENT, AUTO_INCREMENT=149;
--
-- AUTO_INCREMENT для таблицы `managerrooms`
--
ALTER TABLE `managerrooms`
  MODIFY `id` int(10) UNSIGNED NOT NULL AUTO_INCREMENT, AUTO_INCREMENT=4;
--
-- AUTO_INCREMENT для таблицы `messages`
--
ALTER TABLE `messages`
  MODIFY `id` int(10) UNSIGNED NOT NULL AUTO_INCREMENT, AUTO_INCREMENT=24;
--
-- AUTO_INCREMENT для таблицы `news`
--
ALTER TABLE `news`
  MODIFY `id` int(10) UNSIGNED NOT NULL AUTO_INCREMENT, AUTO_INCREMENT=3;
--
-- AUTO_INCREMENT для таблицы `orders`
--
ALTER TABLE `orders`
  MODIFY `id` int(10) UNSIGNED NOT NULL AUTO_INCREMENT, AUTO_INCREMENT=9;
--
-- AUTO_INCREMENT для таблицы `ordersmap`
--
ALTER TABLE `ordersmap`
  MODIFY `id` int(10) UNSIGNED NOT NULL AUTO_INCREMENT, AUTO_INCREMENT=22;
--
-- AUTO_INCREMENT для таблицы `orderstatuses`
--
ALTER TABLE `orderstatuses`
  MODIFY `id` int(10) UNSIGNED NOT NULL AUTO_INCREMENT, AUTO_INCREMENT=9;
--
-- AUTO_INCREMENT для таблицы `ordersuggestions`
--
ALTER TABLE `ordersuggestions`
  MODIFY `id` int(10) UNSIGNED NOT NULL AUTO_INCREMENT, AUTO_INCREMENT=4;
--
-- AUTO_INCREMENT для таблицы `pages`
--
ALTER TABLE `pages`
  MODIFY `id` int(10) UNSIGNED NOT NULL AUTO_INCREMENT, AUTO_INCREMENT=2;
--
-- AUTO_INCREMENT для таблицы `passport`
--
ALTER TABLE `passport`
  MODIFY `id` int(10) UNSIGNED NOT NULL AUTO_INCREMENT;
--
-- AUTO_INCREMENT для таблицы `user`
--
ALTER TABLE `user`
  MODIFY `id` int(10) UNSIGNED NOT NULL AUTO_INCREMENT, AUTO_INCREMENT=30;
--
-- AUTO_INCREMENT для таблицы `worktypes`
--
ALTER TABLE `worktypes`
  MODIFY `id` int(10) UNSIGNED NOT NULL AUTO_INCREMENT, AUTO_INCREMENT=20;
/*!40101 SET CHARACTER_SET_CLIENT=@OLD_CHARACTER_SET_CLIENT */;
/*!40101 SET CHARACTER_SET_RESULTS=@OLD_CHARACTER_SET_RESULTS */;
/*!40101 SET COLLATION_CONNECTION=@OLD_COLLATION_CONNECTION */;
